10,1,1,0,1,5,1
10,2,1,3,6,7,3
10,3,1,3,2,6,2
10,5,1,3,2,7,1
10,10,1,2,1,10,2
10,20,1,1,1,10,1
10,30,1,0,2,10,0
20,1,1,3,2,5,2
20,2,1,4,2,8,3
20,3,1,5,1,7,1
20,5,1,2,3,10,6
20,10,1,0,2,10,2
20,20,1,0,1,10,2
20,30,1,0,3,10,2
30,1,1,3,2,8,6
30,2,1,1,5,10,5
30,3,1,2,3,10,7
30,5,1,0,1,10,4
30,10,1,0,2,10,4
30,20,1,0,3,10,3
30,30,1,0,3,10,5
50,1,1,2,4,10,7
50,2,1,0,3,10,8
50,3,1,0,3,10,10
50,5,1,0,3,10,8
50,10,1,0,3,10,9
50,20,1,0,3,10,7
50,30,1,0,2,10,7
100,1,1,1,4,10,9
100,2,1,1,2,10,9
100,3,1,0,3,10,10
100,5,1,0,2,10,10
100,10,1,0,2,10,10
100,20,1,0,1,10,10
100,30,1,0,3,10,9
10,1,2,4,2,4,3
10,2,2,3,3,5,2
10,3,2,4,2,9,3
10,5,2,4,3,8,3
10,10,2,2,1,10,0
10,20,2,0,2,10,1
10,30,2,0,3,10,1
20,1,2,3,3,8,4
20,2,2,5,2,5,2
20,3,2,3,3,8,3
20,5,2,1,2,10,3
20,10,2,0,1,10,3
20,20,2,0,2,10,2
20,30,2,0,3,10,1
30,1,2,2,0,7,4
30,2,2,3,3,9,5
30,3,2,1,2,10,7
30,5,2,1,1,10,6
30,10,2,0,1,10,3
30,20,2,0,3,10,6
30,30,2,0,2,10,5
50,1,2,2,4,10,8
50,2,2,1,3,10,5
50,3,2,1,3,10,7
50,5,2,0,3,10,7
50,10,2,0,3,10,9
50,20,2,0,4,10,6
50,30,2,0,3,10,7
100,1,2,2,3,10,10
100,2,2,0,3,10,9
100,3,2,0,3,10,9
100,5,2,0,3,10,9
100,10,2,0,3,10,9
100,20,2,0,4,10,10
100,30,2,0,3,10,8
10,1,3,1,1,2,1
10,2,3,2,3,6,3
10,3,3,4,3,6,3
10,5,3,3,2,8,0
10,10,3,2,4,10,1
10,20,3,0,2,10,0
10,30,3,0,0,10,1
20,1,3,2,3,5,3
20,2,3,3,1,8,3
20,3,3,2,2,10,4
20,5,3,3,2,9,1
20,10,3,0,4,10,3
20,20,3,0,3,10,3
20,30,3,0,1,10,3
30,1,3,4,3,10,6
30,2,3,3,3,9,6
30,3,3,2,2,9,2
30,5,3,1,3,10,6
30,10,3,0,3,10,5
30,20,3,0,3,10,6
30,30,3,0,1,10,4
50,1,3,3,4,10,8
50,2,3,1,3,10,8
50,3,3,1,4,10,8
50,5,3,0,3,10,6
50,10,3,0,2,10,6
50,20,3,0,3,10,7
50,30,3,0,3,10,7
100,1,3,2,3,10,9
100,2,3,0,2,10,10
100,3,3,0,3,10,8
100,5,3,0,3,10,9
100,10,3,0,3,10,10
100,20,3,0,3,10,10
100,30,3,0,1,10,10
10,1,4,1,2,4,2
10,2,4,1,1,3,2
10,3,4,3,2,8,3
10,5,4,3,2,7,3
10,10,4,4,1,9,2
10,20,4,1,2,10,3
10,30,4,0,1,10,1
20,1,4,4,1,6,3
20,2,4,3,3,7,1
20,3,4,4,3,10,2
20,5,4,3,3,9,2
20,10,4,0,1,10,3
20,20,4,0,3,10,2
20,30,4,0,1,10,4
30,1,4,5,1,6,2
30,2,4,5,2,7,2
30,3,4,2,2,10,5
30,5,4,1,3,10,6
30,10,4,0,3,10,4
30,20,4,0,2,10,3
30,30,4,0,3,10,4
50,1,4,2,3,9,6
50,2,4,2,4,10,7
50,3,4,1,4,10,9
50,5,4,0,4,10,8
50,10,4,0,3,10,9
50,20,4,0,3,10,7
50,30,4,0,4,10,8
100,1,4,1,3,10,10
100,2,4,0,3,10,9
100,3,4,0,2,10,10
100,5,4,0,2,10,10
100,10,4,0,2,10,10
100,20,4,0,3,10,10
100,30,4,0,1,10,10
10,1,5,1,3,3,2
10,2,5,2,2,5,2
10,3,5,3,1,6,2
10,5,5,3,3,9,3
10,10,5,1,4,10,3
10,20,5,0,4,10,4
10,30,5,0,1,10,2
20,1,5,3,2,6,2
20,2,5,3,3,9,4
20,3,5,4,3,9,4
20,5,5,3,4,10,4
20,10,5,1,1,10,2
20,20,5,0,3,10,2
20,30,5,0,3,10,2
30,1,5,4,3,8,5
30,2,5,2,3,9,4
30,3,5,2,2,10,4
30,5,5,1,3,10,3
30,10,5,0,2,10,3
30,20,5,0,4,10,7
30,30,5,0,2,10,6
50,1,5,2,4,10,6
50,2,5,0,4,10,5
50,3,5,1,3,10,8
50,5,5,0,3,10,7
50,10,5,0,3,10,8
50,20,5,0,3,10,6
50,30,5,0,2,10,8
100,1,5,0,3,10,10
100,2,5,0,2,10,9
100,3,5,0,2,10,10
100,5,5,0,3,10,9
100,10,5,0,2,10,10
100,20,5,0,2,10,10
100,30,5,0,4,10,9
10,1,6,2,4,3,3
10,2,6,3,3,5,3
10,3,6,2,1,5,1
10,5,6,4,3,8,3
10,10,6,3,3,10,1
10,20,6,0,2,10,2
10,30,6,0,2,10,2
20,1,6,3,2,7,3
20,2,6,2,1,10,6
20,3,6,3,2,9,5
20,5,6,1,2,10,4
20,10,6,1,3,10,6
20,20,6,0,2,10,4
20,30,6,0,2,10,5
30,1,6,3,1,9,4
30,2,6,1,2,10,6
30,3,6,2,2,9,5
30,5,6,1,2,10,5
30,10,6,1,3,10,4
30,20,6,0,2,10,2
30,30,6,0,2,10,5
50,1,6,3,4,10,8
50,2,6,1,4,10,6
50,3,6,1,5,10,8
50,5,6,0,4,10,7
50,10,6,0,3,10,6
50,20,6,0,5,10,8
50,30,6,0,2,10,7
100,1,6,1,3,10,9
100,2,6,0,0,10,10
100,3,6,0,2,10,10
100,5,6,0,2,10,10
100,10,6,0,3,10,10
100,20,6,0,1,10,10
100,30,6,0,3,10,9
10,1,7,3,3,4,2
10,2,7,4,1,6,1
10,3,7,2,1,3,3
10,5,7,4,3,8,4
10,10,7,2,2,10,2
10,20,7,0,2,10,2
10,30,7,1,0,10,1
20,1,7,2,0,8,2
20,2,7,4,1,9,1
20,3,7,4,2,8,4
20,5,7,2,1,10,3
20,10,7,0,2,10,1
20,20,7,0,2,10,3
20,30,7,0,1,10,2
30,1,7,4,3,7,2
30,2,7,4,2,9,8
30,3,7,3,2,10,5
30,5,7,0,3,10,3
30,10,7,0,3,10,3
30,20,7,0,2,10,3
30,30,7,0,2,10,5
50,1,7,1,3,10,7
50,2,7,2,4,9,8
50,3,7,1,4,10,7
50,5,7,0,3,10,6
50,10,7,0,3,10,7
50,20,7,0,4,10,9
50,30,7,0,6,10,10
100,1,7,0,3,10,10
100,2,7,0,3,10,9
100,3,7,0,1,10,10
100,5,7,0,2,10,10
100,10,7,0,3,10,10
100,20,7,0,2,10,10
100,30,7,0,1,10,10
10,1,8,0,2,3,2
10,2,8,3,2,5,3
10,3,8,4,4,5,2
10,5,8,2,2,9,2
10,10,8,2,4,10,1
10,20,8,0,3,10,1
10,30,8,0,1,10,2
20,1,8,1,1,5,4
20,2,8,1,2,5,2
20,3,8,4,2,9,5
20,5,8,2,2,10,2
20,10,8,1,1,10,2
20,20,8,0,1,10,2
20,30,8,0,1,10,4
30,1,8,4,3,9,7
30,2,8,3,2,8,5
30,3,8,2,2,10,8
30,5,8,0,2,10,4
30,10,8,1,4,10,6
30,20,8,0,2,10,2
30,30,8,0,3,10,6
50,1,8,2,2,10,7
50,2,8,1,4,10,6
50,3,8,1,2,10,6
50,5,8,0,3,10,9
50,10,8,0,3,10,7
50,20,8,0,3,10,9
50,30,8,0,4,10,9
100,1,8,1,3,10,10
100,2,8,0,3,10,9
100,3,8,0,3,10,9
100,5,8,0,2,10,10
100,10,8,0,3,10,9
100,20,8,0,2,10,9
100,30,8,0,3,10,10
10,1,9,2,4,2,4
10,2,9,3,2,5,1
10,3,9,3,1,9,1
10,5,9,3,3,8,2
10,10,9,2,2,9,3
10,20,9,0,1,10,1
10,30,9,0,2,10,2
20,1,9,4,3,6,4
20,2,9,3,0,6,0
20,3,9,3,2,10,3
20,5,9,3,1,10,4
20,10,9,0,2,10,5
20,20,9,0,2,10,3
20,30,9,0,2,10,5
30,1,9,2,2,7,4
30,2,9,2,1,10,3
30,3,9,2,2,10,3
30,5,9,1,2,10,5
30,10,9,0,2,10,2
30,20,9,0,2,10,6
30,30,9,0,4,10,8
50,1,9,3,3,10,5
50,2,9,2,4,10,8
50,3,9,1,4,10,6
50,5,9,0,3,10,8
50,10,9,0,2,10,6
50,20,9,0,3,10,7
50,30,9,0,3,10,8
100,1,9,0,1,10,10
100,2,9,1,2,10,10
100,3,9,0,3,10,10
100,5,9,0,4,10,9
100,10,9,0,2,10,10
100,20,9,0,3,10,9
100,30,9,0,2,10,9
10,1,10,2,1,3,0
10,2,10,2,2,6,1
10,3,10,4,3,6,2
10,5,10,3,3,8,3
10,10,10,2,2,10,2
10,20,10,1,2,10,2
10,30,10,0,1,10,1
20,1,10,3,2,6,3
20,2,10,4,2,9,3
20,3,10,2,0,8,3
20,5,10,2,0,10,4
20,10,10,1,2,10,2
20,20,10,0,2,10,4
20,30,10,0,3,10,5
30,1,10,3,1,9,4
30,2,10,2,2,10,5
30,3,10,2,1,9,4
30,5,10,2,4,10,7
30,10,10,0,2,10,5
30,20,10,0,3,10,3
30,30,10,0,2,10,6
50,1,10,4,4,9,6
50,2,10,2,4,10,8
50,3,10,1,4,10,7
50,5,10,0,4,10,8
50,10,10,0,2,10,7
50,20,10,0,4,10,8
50,30,10,0,4,10,6
100,1,10,1,2,10,10
100,2,10,0,3,10,10
100,3,10,0,3,10,10
100,5,10,0,2,10,10
100,10,10,0,2,10,10
100,20,10,0,2,10,10
100,30,10,0,2,10,10
10,1,11,3,3,5,2
10,2,11,2,2,3,1
10,3,11,3,3,4,1
10,5,11,3,2,7,2
10,10,11,2,1,10,1
10,20,11,1,1,10,2
10,30,11,0,4,10,2
20,1,11,4,2,6,2
20,2,11,4,3,10,3
20,3,11,3,3,8,5
20,5,11,0,2,10,4
20,10,11,0,2,10,3
20,20,11,0,2,10,4
20,30,11,0,0,10,4
30,1,11,3,2,10,9
30,2,11,2,4,10,7
30,3,11,2,2,10,3
30,5,11,1,2,10,5
30,10,11,0,3,10,7
30,20,11,0,3,10,5
30,30,11,0,2,10,6
50,1,11,3,3,9,9
50,2,11,1,2,10,9
50,3,11,1,4,10,9
50,5,11,0,5,10,9
50,10,11,0,3,10,10
50,20,11,0,2,10,7
50,30,11,0,3,10,7
100,1,11,0,1,10,10
100,2,11,0,3,10,10
100,3,11,0,4,10,8
100,5,11,0,4,10,9
100,10,11,0,2,10,10
100,20,11,0,3,10,9
100,30,11,0,3,10,10
10,1,12,2,2,5,1
10,2,12,2,2,2,2
10,3,12,2,2,6,2
10,5,12,3,4,9,2
10,10,12,2,2,9,3
10,20,12,0,2,10,1
10,30,12,0,1,10,1
20,1,12,3,2,8,5
20,2,12,4,3,7,2
20,3,12,2,3,8,5
20,5,12,2,1,9,4
20,10,12,0,2,10,2
20,20,12,0,2,10,3
20,30,12,0,1,10,5
30,1,12,3,5,8,7
30,2,12,2,2,10,5
30,3,12,1,3,10,5
30,5,12,1,3,10,5
30,10,12,0,1,10,2
30,20,12,0,3,10,4
30,30,12,0,1,10,2
50,1,12,4,2,10,4
50,2,12,1,3,10,6
50,3,12,1,3,10,7
50,5,12,0,3,10,6
50,10,12,0,3,10,9
50,20,12,0,3,10,9
50,30,12,0,4,10,7
100,1,12,1,3,10,10
100,2,12,0,2,10,10
100,3,12,0,1,10,10
100,5,12,0,1,10,10
100,10,12,0,4,10,10
100,20,12,0,2,10,9
100,30,12,0,3,10,9
10,1,13,1,4,4,4
10,2,13,1,1,3,1
10,3,13,3,0,5,0
10,5,13,3,4,9,5
10,10,13,2,2,9,1
10,20,13,0,2,10,1
10,30,13,0,2,10,1
20,1,13,4,3,2,1
20,2,13,2,1,10,2
20,3,13,3,2,10,3
20,5,13,3,1,10,1
20,10,13,0,1,10,3
20,20,13,0,2,10,1
20,30,13,0,3,10,4
30,1,13,4,3,9,6
30,2,13,3,3,10,4
30,3,13,2,3,9,5
30,5,13,0,1,10,7
30,10,13,0,3,10,6
30,20,13,0,2,10,3
30,30,13,0,3,10,6
50,1,13,3,2,9,7
50,2,13,2,2,10,8
50,3,13,1,3,10,7
50,5,13,0,4,10,7
50,10,13,0,4,10,8
50,20,13,0,3,10,7
50,30,13,0,4,10,7
100,1,13,1,4,10,8
100,2,13,0,2,10,10
100,3,13,0,2,10,9
100,5,13,0,4,10,9
100,10,13,0,2,10,10
100,20,13,0,2,10,10
100,30,13,0,2,10,10
10,1,14,2,3,3,2
10,2,14,2,1,4,1
10,3,14,4,1,4,2
10,5,14,3,4,6,3
10,10,14,1,3,10,1
10,20,14,2,3,10,2
10,30,14,0,2,10,1
20,1,14,3,3,5,2
20,2,14,4,2,9,5
20,3,14,2,1,10,1
20,5,14,1,2,10,4
20,10,14,0,1,10,3
20,20,14,0,1,10,1
20,30,14,0,0,10,3
30,1,14,5,1,9,6
30,2,14,4,1,10,5
30,3,14,1,2,10,3
30,5,14,1,2,9,4
30,10,14,0,3,10,8
30,20,14,0,2,10,5
30,30,14,0,2,10,3
50,1,14,3,3,10,8
50,2,14,1,3,10,9
50,3,14,1,3,10,5
50,5,14,1,3,10,6
50,10,14,0,4,10,7
50,20,14,0,4,10,7
50,30,14,0,3,10,6
100,1,14,1,1,10,10
100,2,14,0,3,10,10
100,3,14,0,4,10,10
100,5,14,0,1,10,10
100,10,14,0,4,10,9
100,20,14,0,3,10,10
100,30,14,0,3,10,9
10,1,15,2,3,1,1
10,2,15,2,2,4,3
10,3,15,3,2,7,1
10,5,15,3,3,7,2
10,10,15,3,1,10,0
10,20,15,1,3,10,4
10,30,15,1,2,10,2
20,1,15,2,1,5,3
20,2,15,3,1,8,2
20,3,15,4,1,10,5
20,5,15,3,2,10,3
20,10,15,1,3,10,3
20,20,15,0,1,10,2
20,30,15,0,2,10,4
30,1,15,4,3,9,6
30,2,15,1,3,10,5
30,3,15,3,2,10,6
30,5,15,1,1,10,3
30,10,15,1,4,10,4
30,20,15,0,4,10,7
30,30,15,0,2,10,6
50,1,15,3,3,9,8
50,2,15,2,4,10,9
50,3,15,1,5,10,9
50,5,15,0,5,10,7
50,10,15,0,2,10,6
50,20,15,0,4,10,7
50,30,15,0,4,10,9
100,1,15,1,1,10,10
100,2,15,0,2,10,10
100,3,15,0,2,10,10
100,5,15,0,3,10,9
100,10,15,0,2,10,9
100,20,15,0,3,10,9
100,30,15,0,2,10,10
10,1,16,3,3,2,2
10,2,16,3,3,5,3
10,3,16,2,2,4,1
10,5,16,4,3,9,2
10,10,16,1,3,10,3
10,20,16,0,2,10,3
10,30,16,0,2,10,0
20,1,16,2,1,7,3
20,2,16,3,1,9,4
20,3,16,3,2,10,7
20,5,16,3,2,10,4
20,10,16,0,2,10,2
20,20,16,0,1,10,3
20,30,16,0,1,10,3
30,1,16,4,1,8,3
30,2,16,2,3,9,6
30,3,16,4,2,9,7
30,5,16,1,2,10,5
30,10,16,1,2,10,5
30,20,16,0,3,10,5
30,30,16,0,2,10,5
50,1,16,3,4,10,7
50,2,16,2,3,10,6
50,3,16,1,4,10,8
50,5,16,0,4,10,6
50,10,16,0,4,10,7
50,20,16,0,3,10,7
50,30,16,0,2,10,7
100,1,16,0,3,10,10
100,2,16,1,2,10,9
100,3,16,0,1,10,10
100,5,16,0,3,10,10
100,10,16,0,1,10,10
100,20,16,0,2,10,10
100,30,16,0,3,10,9
10,1,17,2,3,3,2
10,2,17,1,3,5,1
10,3,17,3,3,6,1
10,5,17,4,2,8,3
10,10,17,2,2,10,3
10,20,17,0,1,10,3
10,30,17,0,2,10,0
20,1,17,2,2,4,5
20,2,17,3,3,8,6
20,3,17,3,1,7,4
20,5,17,1,3,10,3
20,10,17,0,2,10,2
20,20,17,0,1,10,5
20,30,17,0,2,10,3
30,1,17,3,2,9,5
30,2,17,4,2,9,3
30,3,17,2,3,10,3
30,5,17,1,3,10,4
30,10,17,0,3,10,5
30,20,17,0,2,10,7
30,30,17,0,2,10,4
50,1,17,2,4,10,7
50,2,17,1,3,10,9
50,3,17,1,3,10,8
50,5,17,0,4,10,8
50,10,17,0,3,10,9
50,20,17,0,4,10,5
50,30,17,0,4,10,6
100,1,17,1,1,10,9
100,2,17,0,5,10,8
100,3,17,0,4,10,10
100,5,17,0,2,10,10
100,10,17,0,3,10,10
100,20,17,0,3,10,10
100,30,17,0,4,10,10
10,1,18,3,3,5,2
10,2,18,2,1,3,1
10,3,18,1,2,4,1
10,5,18,2,1,5,2
10,10,18,2,0,10,1
10,20,18,1,2,10,2
10,30,18,0,2,10,3
20,1,18,1,1,5,1
20,2,18,4,2,9,2
20,3,18,2,3,9,5
20,5,18,3,5,10,2
20,10,18,1,3,10,4
20,20,18,0,2,10,2
20,30,18,0,2,10,3
30,1,18,4,2,8,3
30,2,18,2,3,10,3
30,3,18,1,4,10,5
30,5,18,1,3,10,4
30,10,18,0,4,10,5
30,20,18,0,2,10,3
30,30,18,0,2,10,4
50,1,18,2,4,10,8
50,2,18,1,3,10,9
50,3,18,0,3,10,7
50,5,18,1,3,10,8
50,10,18,0,4,10,9
50,20,18,0,2,10,7
50,30,18,0,2,10,9
100,1,18,1,2,10,10
100,2,18,0,2,10,10
100,3,18,0,2,10,10
100,5,18,0,3,10,8
100,10,18,0,3,10,10
100,20,18,0,3,10,9
100,30,18,0,2,10,10
10,1,19,4,0,6,2
10,2,19,3,0,6,0
10,3,19,4,1,8,1
10,5,19,4,3,9,2
10,10,19,2,4,10,4
10,20,19,0,3,10,2
10,30,19,1,3,10,2
20,1,19,3,2,3,2
20,2,19,4,2,8,4
20,3,19,3,4,9,4
20,5,19,2,1,10,0
20,10,19,1,1,10,1
20,20,19,0,4,10,2
20,30,19,0,1,10,3
30,1,19,3,2,9,4
30,2,19,2,2,10,8
30,3,19,2,5,10,5
30,5,19,1,3,10,6
30,10,19,0,5,10,5
30,20,19,0,3,10,5
30,30,19,0,2,10,6
50,1,19,3,3,9,5
50,2,19,1,3,10,6
50,3,19,0,3,10,3
50,5,19,0,3,10,8
50,10,19,0,2,10,9
50,20,19,0,3,10,7
50,30,19,0,3,10,7
100,1,19,0,3,10,9
100,2,19,0,3,10,10
100,3,19,0,3,10,10
100,5,19,0,2,10,10
100,10,19,0,2,10,10
100,20,19,0,2,10,10
100,30,19,0,2,10,9
10,1,20,1,1,3,1
10,2,20,3,3,7,0
10,3,20,4,2,5,2
10,5,20,3,3,9,3
10,10,20,2,1,10,1
10,20,20,1,3,10,2
10,30,20,0,2,10,1
20,1,20,4,3,5,3
20,2,20,4,0,7,3
20,3,20,4,1,10,5
20,5,20,2,3,10,4
20,10,20,1,2,10,2
20,20,20,0,1,10,4
20,30,20,0,2,10,5
30,1,20,4,0,8,1
30,2,20,3,2,8,7
30,3,20,2,2,10,6
30,5,20,1,3,10,6
30,10,20,0,3,10,5
30,20,20,0,4,10,4
30,30,20,0,2,10,4
50,1,20,3,4,9,6
50,2,20,1,4,10,7
50,3,20,0,4,10,10
50,5,20,0,3,10,7
50,10,20,0,3,10,7
50,20,20,0,3,10,8
50,30,20,0,4,10,9
100,1,20,1,2,10,9
100,2,20,0,4,10,10
100,3,20,0,3,10,10
100,5,20,0,2,10,9
100,10,20,0,2,10,9
100,20,20,0,4,10,9
100,30,20,0,2,10,10
10,1,21,3,3,4,3
10,2,21,3,5,3,3
10,3,21,2,2,5,3
10,5,21,3,1,9,1
10,10,21,3,0,10,2
10,20,21,0,0,10,2
10,30,21,0,2,10,1
20,1,21,2,2,7,6
20,2,21,3,1,10,4
20,3,21,3,2,10,3
20,5,21,0,2,10,4
20,10,21,0,2,10,4
20,20,21,0,2,10,4
20,30,21,0,3,10,2
30,1,21,3,1,6,2
30,2,21,4,1,8,3
30,3,21,2,3,9,6
30,5,21,2,1,10,5
30,10,21,0,1,10,4
30,20,21,0,3,10,6
30,30,21,0,3,10,5
50,1,21,2,2,10,7
50,2,21,0,4,10,8
50,3,21,1,3,10,7
50,5,21,0,2,10,4
50,10,21,0,4,10,6
50,20,21,0,4,10,7
50,30,21,0,3,10,7
100,1,21,0,4,10,10
100,2,21,0,4,10,10
100,3,21,0,2,10,10
100,5,21,0,2,10,10
100,10,21,0,3,10,9
100,20,21,0,4,10,10
100,30,21,0,1,10,10
10,1,22,2,4,3,3
10,2,22,2,1,5,2
10,3,22,2,3,4,1
10,5,22,4,3,8,1
10,10,22,2,2,9,3
10,20,22,2,2,10,3
10,30,22,1,1,10,2
20,1,22,3,3,6,2
20,2,22,4,1,7,3
20,3,22,3,3,9,4
20,5,22,2,1,10,3
20,10,22,0,2,10,1
20,20,22,0,1,10,2
20,30,22,0,3,10,3
30,1,22,4,2,8,4
30,2,22,2,4,10,6
30,3,22,2,3,10,5
30,5,22,1,1,10,2
30,10,22,0,2,10,6
30,20,22,0,2,10,3
30,30,22,0,3,10,5
50,1,22,3,3,10,6
50,2,22,2,3,10,6
50,3,22,2,3,10,5
50,5,22,0,2,10,8
50,10,22,0,3,10,7
50,20,22,0,4,10,9
50,30,22,0,3,10,10
100,1,22,1,2,10,10
100,2,22,0,2,10,10
100,3,22,0,4,10,9
100,5,22,0,3,10,10
100,10,22,0,3,10,10
100,20,22,0,3,10,10
100,30,22,0,4,10,9
10,1,23,1,1,3,1
10,2,23,2,4,6,5
10,3,23,4,1,8,1
10,5,23,4,3,9,3
10,10,23,2,2,10,2
10,20,23,2,2,10,2
10,30,23,0,2,10,2
20,1,23,4,2,8,3
20,2,23,4,2,6,2
20,3,23,3,1,9,2
20,5,23,1,3,10,2
20,10,23,1,1,10,1
20,20,23,0,3,10,3
20,30,23,0,1,10,2
30,1,23,4,4,8,6
30,2,23,3,3,9,6
30,3,23,1,2,10,3
30,5,23,1,3,10,3
30,10,23,0,2,10,3
30,20,23,0,2,10,6
30,30,23,0,2,10,5
50,1,23,2,0,10,5
50,2,23,1,4,10,5
50,3,23,1,4,10,9
50,5,23,0,5,10,8
50,10,23,0,3,10,8
50,20,23,0,4,10,6
50,30,23,0,3,10,7
100,1,23,0,1,10,10
100,2,23,0,1,10,10
100,3,23,0,1,10,10
100,5,23,0,4,10,8
100,10,23,0,3,10,10
100,20,23,0,1,10,9
100,30,23,0,4,10,10
10,1,24,4,1,4,0
10,2,24,3,3,6,3
10,3,24,4,1,8,0
10,5,24,3,1,7,1
10,10,24,3,1,10,2
10,20,24,0,3,10,3
10,30,24,0,1,10,1
20,1,24,3,2,5,1
20,2,24,4,4,9,5
20,3,24,3,2,10,2
20,5,24,3,3,8,5
20,10,24,1,2,10,4
20,20,24,0,1,10,4
20,30,24,0,0,10,1
30,1,24,4,2,8,6
30,2,24,3,4,9,6
30,3,24,2,2,10,4
30,5,24,1,1,10,4
30,10,24,0,3,10,4
30,20,24,0,3,10,6
30,30,24,0,4,10,6
50,1,24,1,4,10,10
50,2,24,2,3,10,10
50,3,24,1,4,10,8
50,5,24,0,2,10,7
50,10,24,0,4,10,6
50,20,24,0,3,10,6
50,30,24,0,3,10,6
100,1,24,1,2,10,9
100,2,24,1,4,10,10
100,3,24,0,2,10,10
100,5,24,0,1,10,10
100,10,24,0,3,10,9
100,20,24,0,4,10,8
100,30,24,0,3,10,10
10,1,25,4,1,5,1
10,2,25,2,2,5,1
10,3,25,4,2,4,2
10,5,25,3,0,7,1
10,10,25,2,1,9,3
10,20,25,1,3,10,2
10,30,25,0,3,10,2
20,1,25,3,2,8,2
20,2,25,2,1,10,3
20,3,25,4,3,8,3
20,5,25,2,2,9,3
20,10,25,2,3,10,2
20,20,25,0,2,10,5
20,30,25,0,1,10,3
30,1,25,4,2,9,7
30,2,25,2,2,10,6
30,3,25,2,1,10,6
30,5,25,1,3,10,6
30,10,25,0,3,10,6
30,20,25,0,2,10,2
30,30,25,0,4,10,7
50,1,25,2,4,9,8
50,2,25,2,2,10,5
50,3,25,1,2,10,2
50,5,25,0,4,10,6
50,10,25,0,3,10,7
50,20,25,0,4,10,7
50,30,25,0,3,10,9
100,1,25,1,2,10,10
100,2,25,0,2,10,10
100,3,25,0,2,10,10
100,5,25,0,2,10,10
100,10,25,0,4,10,8
100,20,25,0,3,10,8
100,30,25,0,1,10,10
10,1,26,2,2,3,3
10,2,26,1,3,4,2
10,3,26,2,4,4,2
10,5,26,3,0,7,1
10,10,26,2,1,10,3
10,20,26,0,1,10,1
10,30,26,0,3,10,2
20,1,26,3,2,6,2
20,2,26,2,1,9,4
20,3,26,3,3,10,2
20,5,26,2,4,10,4
20,10,26,0,0,10,2
20,20,26,0,5,10,6
20,30,26,0,2,10,4
30,1,26,3,3,8,5
30,2,26,3,1,8,4
30,3,26,2,2,10,3
30,5,26,2,2,10,5
30,10,26,0,4,10,6
30,20,26,0,3,10,6
30,30,26,0,2,10,3
50,1,26,3,3,9,5
50,2,26,2,2,9,7
50,3,26,1,4,10,8
50,5,26,0,4,10,9
50,10,26,0,3,10,7
50,20,26,0,5,10,5
50,30,26,0,3,10,8
100,1,26,1,2,10,10
100,2,26,0,2,10,10
100,3,26,0,2,10,10
100,5,26,0,4,10,10
100,10,26,0,3,10,10
100,20,26,0,3,10,10
100,30,26,0,1,10,10
10,1,27,3,2,3,2
10,2,27,2,1,1,0
10,3,27,3,3,8,4
10,5,27,3,1,8,0
10,10,27,2,1,10,1
10,20,27,1,1,10,1
10,30,27,1,3,10,3
20,1,27,3,2,5,2
20,2,27,5,2,8,5
20,3,27,2,2,9,7
20,5,27,2,2,10,4
20,10,27,1,2,10,0
20,20,27,0,2,10,2
20,30,27,0,2,10,4
30,1,27,4,2,9,5
30,2,27,3,2,10,3
30,3,27,2,4,10,7
30,5,27,0,1,10,2
30,10,27,0,3,10,5
30,20,27,0,3,10,5
30,30,27,0,4,10,4
50,1,27,2,4,10,8
50,2,27,2,3,9,9
50,3,27,0,5,10,8
50,5,27,0,3,10,7
50,10,27,0,3,10,6
50,20,27,0,3,10,7
50,30,27,0,4,10,8
100,1,27,0,2,10,10
100,2,27,0,1,10,10
100,3,27,0,4,10,10
100,5,27,0,2,10,10
100,10,27,0,1,10,10
100,20,27,0,3,10,10
100,30,27,0,1,10,9
10,1,28,3,2,4,2
10,2,28,4,4,7,3
10,3,28,3,0,4,0
10,5,28,4,3,9,3
10,10,28,1,4,10,3
10,20,28,1,1,10,4
10,30,28,1,3,10,3
20,1,28,2,3,4,3
20,2,28,4,1,7,1
20,3,28,4,3,10,1
20,5,28,3,1,8,4
20,10,28,0,3,10,5
20,20,28,0,3,10,3
20,30,28,0,2,10,2
30,1,28,4,2,10,7
30,2,28,2,3,9,6
30,3,28,4,2,9,3
30,5,28,2,2,10,5
30,10,28,0,1,10,3
30,20,28,0,3,10,6
30,30,28,0,3,10,7
50,1,28,3,4,10,7
50,2,28,1,2,10,4
50,3,28,0,2,10,6
50,5,28,0,3,10,8
50,10,28,0,2,10,8
50,20,28,0,5,10,8
50,30,28,0,3,10,8
100,1,28,1,3,10,9
100,2,28,0,4,10,10
100,3,28,0,2,10,10
100,5,28,0,3,10,10
100,10,28,0,2,10,9
100,20,28,0,1,10,10
100,30,28,0,2,10,10
10,1,29,2,4,5,3
10,2,29,2,2,4,2
10,3,29,3,4,7,3
10,5,29,3,0,10,2
10,10,29,4,1,8,0
10,20,29,1,1,10,0
10,30,29,0,2,10,1
20,1,29,4,2,7,1
20,2,29,4,4,10,6
20,3,29,4,2,9,1
20,5,29,2,3,10,2
20,10,29,0,1,10,2
20,20,29,0,3,10,3
20,30,29,0,2,10,3
30,1,29,2,2,7,2
30,2,29,3,3,9,6
30,3,29,1,3,10,6
30,5,29,0,2,10,5
30,10,29,0,2,10,6
30,20,29,0,3,10,7
30,30,29,0,3,10,7
50,1,29,3,3,10,7
50,2,29,1,1,10,7
50,3,29,1,5,10,7
50,5,29,1,1,10,6
50,10,29,0,3,10,5
50,20,29,0,4,10,9
50,30,29,0,2,10,6
100,1,29,0,1,10,10
100,2,29,0,2,10,10
100,3,29,0,2,10,10
100,5,29,0,1,10,10
100,10,29,0,2,10,10
100,20,29,0,4,10,9
100,30,29,0,1,10,10
10,1,30,1,1,2,3
10,2,30,2,2,6,0
10,3,30,2,2,6,2
10,5,30,3,1,8,2
10,10,30,2,2,10,2
10,20,30,0,1,10,2
10,30,30,0,2,10,0
20,1,30,3,3,8,3
20,2,30,4,2,8,3
20,3,30,3,3,9,2
20,5,30,2,1,10,3
20,10,30,0,2,10,4
20,20,30,0,1,10,4
20,30,30,0,4,10,6
30,1,30,5,2,7,4
30,2,30,3,5,10,7
30,3,30,3,3,10,7
30,5,30,1,3,10,6
30,10,30,0,2,10,5
30,20,30,0,2,10,5
30,30,30,0,4,10,5
50,1,30,1,4,9,9
50,2,30,1,4,10,8
50,3,30,0,4,10,8
50,5,30,0,3,10,6
50,10,30,0,3,10,8
50,20,30,0,3,10,7
50,30,30,0,2,10,5
100,1,30,0,2,10,9
100,2,30,0,3,10,9
100,3,30,0,1,10,9
100,5,30,0,2,10,10
100,10,30,0,2,10,10
100,20,30,0,2,10,9
100,30,30,0,1,10,10
10,1,31,1,2,4,3
10,2,31,5,3,7,2
10,3,31,4,2,5,1
10,5,31,4,1,8,0
10,10,31,2,4,10,4
10,20,31,1,4,10,2
10,30,31,0,2,10,0
20,1,31,4,1,7,2
20,2,31,4,1,9,3
20,3,31,3,1,9,2
20,5,31,2,2,10,6
20,10,31,0,2,10,6
20,20,31,0,2,10,1
20,30,31,0,2,10,2
30,1,31,3,3,7,3
30,2,31,3,1,9,3
30,3,31,1,4,10,6
30,5,31,2,1,9,4
30,10,31,0,2,10,3
30,20,31,0,2,10,5
30,30,31,0,2,10,6
50,1,31,4,4,10,7
50,2,31,1,3,10,8
50,3,31,1,2,10,8
50,5,31,0,3,10,7
50,10,31,0,4,10,6
50,20,31,0,2,10,5
50,30,31,0,4,10,8
100,1,31,1,5,10,9
100,2,31,0,2,10,10
100,3,31,0,0,10,10
100,5,31,0,3,10,10
100,10,31,0,2,10,10
100,20,31,0,2,10,9
100,30,31,0,4,10,8
10,1,32,2,2,4,2
10,2,32,2,0,7,1
10,3,32,3,4,9,4
10,5,32,2,3,7,3
10,10,32,3,5,10,3
10,20,32,0,2,10,2
10,30,32,0,2,10,2
20,1,32,3,1,7,3
20,2,32,4,2,9,5
20,3,32,3,3,10,7
20,5,32,3,2,10,5
20,10,32,1,2,10,6
20,20,32,0,2,10,4
20,30,32,0,1,10,5
30,1,32,4,3,9,7
30,2,32,3,1,10,5
30,3,32,2,3,10,5
30,5,32,1,3,10,4
30,10,32,0,2,10,5
30,20,32,0,2,10,3
30,30,32,0,2,10,8
50,1,32,2,4,10,9
50,2,32,2,4,10,9
50,3,32,0,3,10,7
50,5,32,0,4,10,8
50,10,32,0,4,10,8
50,20,32,0,2,10,8
50,30,32,0,3,10,6
100,1,32,1,1,10,10
100,2,32,0,2,10,10
100,3,32,0,3,10,8
100,5,32,0,4,10,9
100,10,32,0,1,10,10
100,20,32,0,1,10,10
100,30,32,0,2,10,10
10,1,33,1,2,1,2
10,2,33,1,3,5,2
10,3,33,4,1,4,0
10,5,33,3,1,7,2
10,10,33,3,3,9,2
10,20,33,1,3,10,2
10,30,33,0,2,10,1
20,1,33,3,1,6,4
20,2,33,4,1,6,2
20,3,33,4,1,8,4
20,5,33,2,1,10,2
20,10,33,1,1,10,3
20,20,33,0,1,10,2
20,30,33,0,2,10,4
30,1,33,4,4,10,6
30,2,33,2,3,10,4
30,3,33,2,4,9,3
30,5,33,0,1,10,5
30,10,33,0,2,10,6
30,20,33,0,1,10,3
30,30,33,0,0,10,5
50,1,33,3,2,9,6
50,2,33,1,4,10,7
50,3,33,0,4,10,8
50,5,33,0,4,10,8
50,10,33,0,3,10,7
50,20,33,0,3,10,8
50,30,33,0,5,10,10
100,1,33,1,3,10,10
100,2,33,0,2,10,10
100,3,33,0,2,10,10
100,5,33,0,3,10,9
100,10,33,0,2,10,10
100,20,33,0,5,10,9
100,30,33,0,1,10,9
10,1,34,4,3,3,4
10,2,34,2,2,4,2
10,3,34,4,1,7,1
10,5,34,5,2,7,2
10,10,34,3,1,10,1
10,20,34,1,2,10,2
10,30,34,0,2,10,3
20,1,34,3,2,8,3
20,2,34,3,3,7,4
20,3,34,3,2,9,4
20,5,34,1,2,10,3
20,10,34,0,3,10,5
20,20,34,0,1,10,3
20,30,34,0,2,10,2
30,1,34,3,2,4,4
30,2,34,3,3,9,6
30,3,34,4,2,9,3
30,5,34,0,4,10,7
30,10,34,0,1,10,4
30,20,34,0,1,10,5
30,30,34,0,2,10,3
50,1,34,4,3,9,7
50,2,34,2,5,10,7
50,3,34,2,4,10,8
50,5,34,0,4,10,8
50,10,34,0,4,10,5
50,20,34,0,2,10,5
50,30,34,0,4,10,8
100,1,34,1,2,10,10
100,2,34,0,3,10,9
100,3,34,0,2,10,9
100,5,34,0,1,10,10
100,10,34,0,2,10,10
100,20,34,0,4,10,10
100,30,34,0,3,10,10
10,1,35,1,1,1,0
10,2,35,3,2,4,3
10,3,35,2,1,5,4
10,5,35,3,2,9,2
10,10,35,1,2,10,2
10,20,35,1,2,10,3
10,30,35,0,3,10,3
20,1,35,3,1,8,5
20,2,35,3,2,6,4
20,3,35,4,1,9,3
20,5,35,3,1,10,5
20,10,35,0,1,10,5
20,20,35,0,0,10,3
20,30,35,0,2,10,5
30,1,35,4,1,8,3
30,2,35,2,2,10,4
30,3,35,2,2,10,7
30,5,35,1,4,10,6
30,10,35,0,3,10,6
30,20,35,0,2,10,5
30,30,35,0,4,10,6
50,1,35,3,4,9,6
50,2,35,1,3,10,6
50,3,35,0,4,10,8
50,5,35,0,4,10,8
50,10,35,0,4,10,9
50,20,35,0,4,10,8
50,30,35,0,2,10,8
100,1,35,1,4,9,8
100,2,35,0,2,10,9
100,3,35,0,4,10,9
100,5,35,0,4,10,10
100,10,35,0,2,10,10
100,20,35,0,2,10,10
100,30,35,0,1,10,10
10,1,36,2,2,4,3
10,2,36,2,3,4,2
10,3,36,3,2,8,3
10,5,36,3,1,8,1
10,10,36,3,2,10,1
10,20,36,1,2,10,2
10,30,36,1,1,10,1
20,1,36,4,3,6,4
20,2,36,3,1,9,1
20,3,36,3,3,9,3
20,5,36,1,2,10,2
20,10,36,1,1,10,4
20,20,36,0,1,10,1
20,30,36,0,2,10,1
30,1,36,3,3,7,5
30,2,36,4,2,10,5
30,3,36,4,2,10,4
30,5,36,1,2,10,6
30,10,36,0,3,10,6
30,20,36,0,1,10,3
30,30,36,0,3,10,4
50,1,36,3,4,10,7
50,2,36,1,5,10,8
50,3,36,0,4,10,5
50,5,36,0,3,10,8
50,10,36,0,4,10,9
50,20,36,0,4,10,9
50,30,36,0,3,10,5
100,1,36,1,3,10,10
100,2,36,1,2,10,10
100,3,36,0,3,10,10
100,5,36,0,3,10,10
100,10,36,0,3,10,9
100,20,36,0,2,10,8
100,30,36,0,2,10,10
10,1,37,3,3,3,1
10,2,37,2,1,4,2
10,3,37,2,2,6,2
10,5,37,5,1,9,1
10,10,37,2,2,10,1
10,20,37,1,2,10,2
10,30,37,0,1,10,1
20,1,37,2,3,4,2
20,2,37,3,0,9,6
20,3,37,3,2,10,4
20,5,37,3,2,9,1
20,10,37,0,3,10,4
20,20,37,0,3,10,6
20,30,37,0,2,10,2
30,1,37,3,2,7,3
30,2,37,5,3,8,5
30,3,37,3,1,10,3
30,5,37,0,4,10,6
30,10,37,0,3,10,7
30,20,37,0,3,10,5
30,30,37,0,1,10,4
50,1,37,3,4,10,9
50,2,37,1,3,10,9
50,3,37,0,4,10,7
50,5,37,0,4,10,9
50,10,37,0,4,10,8
50,20,37,0,5,10,5
50,30,37,0,2,10,8
100,1,37,1,3,10,10
100,2,37,0,2,10,9
100,3,37,0,3,10,9
100,5,37,0,3,10,10
100,10,37,0,1,10,9
100,20,37,0,2,10,9
100,30,37,0,4,10,9
10,1,38,2,6,6,4
10,2,38,2,3,4,2
10,3,38,5,2,6,3
10,5,38,3,3,8,3
10,10,38,2,3,10,2
10,20,38,0,2,10,2
10,30,38,0,2,10,1
20,1,38,3,2,4,2
20,2,38,3,3,9,3
20,3,38,4,3,9,4
20,5,38,2,3,10,4
20,10,38,1,0,10,3
20,20,38,0,2,10,0
20,30,38,0,1,10,3
30,1,38,4,3,8,6
30,2,38,3,3,9,5
30,3,38,1,2,10,5
30,5,38,0,3,10,6
30,10,38,0,0,10,5
30,20,38,0,2,10,7
30,30,38,0,2,10,1
50,1,38,4,4,9,4
50,2,38,0,2,10,7
50,3,38,1,4,10,9
50,5,38,0,4,10,6
50,10,38,0,3,10,6
50,20,38,0,3,10,8
50,30,38,0,3,10,3
100,1,38,0,3,10,10
100,2,38,0,3,10,10
100,3,38,0,2,10,10
100,5,38,0,3,10,9
100,10,38,0,4,10,8
100,20,38,0,2,10,9
100,30,38,0,1,10,10
10,1,39,1,4,3,3
10,2,39,2,2,2,1
10,3,39,3,1,5,1
10,5,39,3,2,8,2
10,10,39,3,5,9,3
10,20,39,2,2,10,2
10,30,39,0,1,10,3
20,1,39,3,2,6,2
20,2,39,2,2,8,4
20,3,39,4,1,9,2
20,5,39,1,4,10,5
20,10,39,0,2,10,3
20,20,39,0,2,10,4
20,30,39,0,3,10,4
30,1,39,3,2,8,5
30,2,39,4,3,8,5
30,3,39,2,1,10,4
30,5,39,1,2,10,6
30,10,39,0,2,10,6
30,20,39,0,3,10,6
30,30,39,0,2,10,5
50,1,39,4,3,9,7
50,2,39,1,3,10,8
50,3,39,0,3,10,8
50,5,39,0,4,10,7
50,10,39,0,5,10,7
50,20,39,0,3,10,8
50,30,39,0,3,10,6
100,1,39,1,2,10,10
100,2,39,0,1,10,10
100,3,39,0,3,10,9
100,5,39,0,2,10,10
100,10,39,0,3,10,10
100,20,39,0,2,10,9
100,30,39,0,4,10,10
10,1,40,3,2,6,3
10,2,40,2,3,6,2
10,3,40,4,2,7,2
10,5,40,3,2,8,2
10,10,40,2,0,10,1
10,20,40,0,1,10,2
10,30,40,0,1,10,2
20,1,40,4,1,8,3
20,2,40,3,3,9,2
20,3,40,3,1,10,3
20,5,40,2,3,10,1
20,10,40,0,3,10,6
20,20,40,0,1,10,4
20,30,40,0,1,10,1
30,1,40,4,4,7,6
30,2,40,1,3,10,5
30,3,40,2,3,9,5
30,5,40,2,2,9,4
30,10,40,0,2,10,4
30,20,40,0,3,10,5
30,30,40,0,5,10,6
50,1,40,2,4,10,8
50,2,40,1,4,10,6
50,3,40,1,3,10,8
50,5,40,1,3,10,7
50,10,40,0,3,10,7
50,20,40,0,2,10,8
50,30,40,0,3,10,8
100,1,40,0,2,10,10
100,2,40,0,2,10,10
100,3,40,0,2,10,10
100,5,40,0,1,10,10
100,10,40,0,3,10,9
100,20,40,0,3,10,10
100,30,40,0,4,10,9
10,1,41,2,3,5,3
10,2,41,3,2,4,1
10,3,41,3,2,7,3
10,5,41,3,1,8,2
10,10,41,1,3,10,3
10,20,41,0,2,10,2
10,30,41,0,2,10,1
20,1,41,4,1,4,2
20,2,41,2,2,8,4
20,3,41,2,1,9,2
20,5,41,1,1,10,3
20,10,41,0,3,10,5
20,20,41,0,2,10,5
20,30,41,0,4,10,2
30,1,41,4,2,8,5
30,2,41,4,2,9,4
30,3,41,1,2,10,4
30,5,41,0,0,10,2
30,10,41,0,3,10,8
30,20,41,0,3,10,5
30,30,41,0,4,10,5
50,1,41,2,4,9,7
50,2,41,1,4,10,7
50,3,41,1,3,10,7
50,5,41,0,3,10,7
50,10,41,0,5,10,7
50,20,41,0,4,10,7
50,30,41,0,3,10,6
100,1,41,0,3,10,9
100,2,41,0,2,10,10
100,3,41,0,2,10,10
100,5,41,0,3,10,9
100,10,41,0,3,10,10
100,20,41,0,3,10,10
100,30,41,0,1,10,10
10,1,42,0,2,1,2
10,2,42,2,2,3,2
10,3,42,4,4,6,3
10,5,42,4,1,8,1
10,10,42,4,3,9,1
10,20,42,0,4,10,1
10,30,42,0,3,10,1
20,1,42,3,2,6,4
20,2,42,3,1,7,3
20,3,42,3,2,9,5
20,5,42,2,3,10,3
20,10,42,0,2,10,2
20,20,42,0,3,10,3
20,30,42,0,2,10,0
30,1,42,3,2,6,2
30,2,42,3,4,10,9
30,3,42,2,1,10,7
30,5,42,1,4,10,6
30,10,42,0,1,10,6
30,20,42,0,2,10,4
30,30,42,0,3,10,3
50,1,42,3,3,10,7
50,2,42,1,3,10,8
50,3,42,0,2,10,7
50,5,42,0,4,10,6
50,10,42,0,4,10,8
50,20,42,0,4,10,8
50,30,42,0,4,10,7
100,1,42,0,2,10,9
100,2,42,0,1,10,10
100,3,42,0,3,10,10
100,5,42,0,3,10,10
100,10,42,0,3,10,10
100,20,42,0,2,10,9
100,30,42,0,3,10,10
10,1,43,0,1,3,2
10,2,43,2,3,7,2
10,3,43,2,1,5,1
10,5,43,4,2,8,1
10,10,43,1,3,10,3
10,20,43,1,1,10,1
10,30,43,0,2,10,1
20,1,43,3,2,5,5
20,2,43,4,3,5,2
20,3,43,3,2,9,3
20,5,43,2,0,10,3
20,10,43,2,1,10,3
20,20,43,0,1,10,3
20,30,43,0,1,10,3
30,1,43,3,0,9,3
30,2,43,3,4,9,5
30,3,43,2,0,10,4
30,5,43,3,2,10,3
30,10,43,0,3,10,4
30,20,43,0,2,10,4
30,30,43,0,2,10,3
50,1,43,3,3,10,7
50,2,43,1,4,10,8
50,3,43,2,2,10,4
50,5,43,0,3,10,5
50,10,43,0,4,10,6
50,20,43,0,3,10,9
50,30,43,0,4,10,9
100,1,43,1,4,10,9
100,2,43,0,2,10,10
100,3,43,0,2,10,10
100,5,43,0,2,10,9
100,10,43,0,2,10,10
100,20,43,0,2,10,9
100,30,43,0,3,10,8
10,1,44,2,2,3,1
10,2,44,2,2,4,3
10,3,44,2,3,4,2
10,5,44,4,3,9,1
10,10,44,2,1,10,1
10,20,44,1,2,10,1
10,30,44,0,3,10,4
20,1,44,2,1,4,3
20,2,44,4,2,9,3
20,3,44,3,4,10,3
20,5,44,3,2,10,4
20,10,44,0,1,10,6
20,20,44,0,1,10,2
20,30,44,0,2,10,4
30,1,44,4,2,9,4
30,2,44,1,4,9,5
30,3,44,1,3,9,4
30,5,44,0,3,10,6
30,10,44,0,1,10,3
30,20,44,0,3,10,3
30,30,44,0,3,10,5
50,1,44,4,3,10,7
50,2,44,2,4,10,8
50,3,44,0,4,10,9
50,5,44,0,4,10,9
50,10,44,0,4,10,5
50,20,44,0,4,10,7
50,30,44,0,3,10,9
100,1,44,1,2,10,9
100,2,44,0,2,10,10
100,3,44,0,2,10,10
100,5,44,0,5,10,8
100,10,44,0,1,10,10
100,20,44,0,2,10,9
100,30,44,0,4,10,9
10,1,45,4,2,4,2
10,2,45,2,3,7,0
10,3,45,2,3,6,3
10,5,45,1,1,9,2
10,10,45,2,3,10,0
10,20,45,1,3,10,3
10,30,45,0,4,10,1
20,1,45,1,1,5,3
20,2,45,4,2,6,2
20,3,45,3,2,8,3
20,5,45,2,2,10,3
20,10,45,1,2,10,4
20,20,45,0,2,10,2
20,30,45,0,3,10,7
30,1,45,2,2,6,3
30,2,45,2,1,10,5
30,3,45,1,4,10,7
30,5,45,1,4,10,7
30,10,45,0,3,10,3
30,20,45,0,3,10,5
30,30,45,0,4,10,5
50,1,45,2,3,10,6
50,2,45,0,3,10,7
50,3,45,1,3,10,7
50,5,45,0,4,10,4
50,10,45,0,2,10,7
50,20,45,0,3,10,7
50,30,45,0,5,10,6
100,1,45,1,3,10,9
100,2,45,0,1,10,10
100,3,45,0,3,10,10
100,5,45,0,2,10,10
100,10,45,0,2,10,10
100,20,45,0,3,10,9
100,30,45,0,3,10,10
10,1,46,1,0,3,0
10,2,46,2,4,4,3
10,3,46,2,1,4,2
10,5,46,4,3,5,3
10,10,46,3,2,10,1
10,20,46,1,0,10,0
10,30,46,0,1,10,1
20,1,46,2,2,7,5
20,2,46,2,2,7,4
20,3,46,3,1,10,6
20,5,46,2,2,10,5
20,10,46,1,3,10,5
20,20,46,0,1,10,2
20,30,46,0,3,10,1
30,1,46,3,3,8,6
30,2,46,4,2,9,5
30,3,46,2,2,10,7
30,5,46,2,3,10,6
30,10,46,0,3,10,7
30,20,46,0,2,10,3
30,30,46,0,0,10,4
50,1,46,3,4,10,8
50,2,46,1,4,10,8
50,3,46,1,3,10,7
50,5,46,0,5,10,6
50,10,46,0,4,10,9
50,20,46,0,4,10,7
50,30,46,0,3,10,7
100,1,46,0,3,10,10
100,2,46,0,3,10,10
100,3,46,0,1,10,10
100,5,46,0,1,10,10
100,10,46,0,3,10,10
100,20,46,0,3,10,9
100,30,46,0,4,10,8
10,1,47,3,1,4,2
10,2,47,3,2,4,2
10,3,47,4,4,9,2
10,5,47,4,0,7,0
10,10,47,1,2,10,3
10,20,47,0,1,10,1
10,30,47,0,4,10,3
20,1,47,2,2,6,3
20,2,47,3,2,7,3
20,3,47,4,3,8,3
20,5,47,1,3,10,3
20,10,47,0,3,10,3
20,20,47,0,3,10,5
20,30,47,0,1,10,2
30,1,47,3,2,9,4
30,2,47,2,3,9,4
30,3,47,1,3,10,2
30,5,47,1,3,10,7
30,10,47,0,4,10,5
30,20,47,0,3,10,6
30,30,47,0,1,10,3
50,1,47,2,4,10,9
50,2,47,2,3,10,9
50,3,47,0,3,10,9
50,5,47,0,4,10,7
50,10,47,0,3,10,6
50,20,47,0,4,10,6
50,30,47,0,3,10,8
100,1,47,1,2,10,10
100,2,47,0,1,10,10
100,3,47,0,4,10,10
100,5,47,0,3,10,10
100,10,47,0,3,10,10
100,20,47,0,2,10,10
100,30,47,0,2,10,10
10,1,48,4,3,4,3
10,2,48,2,3,6,1
10,3,48,2,1,7,1
10,5,48,4,2,6,0
10,10,48,1,2,10,1
10,20,48,1,2,10,3
10,30,48,0,2,10,2
20,1,48,3,1,6,5
20,2,48,3,2,9,3
20,3,48,4,1,10,2
20,5,48,0,2,10,5
20,10,48,0,2,10,3
20,20,48,0,2,10,3
20,30,48,0,0,10,2
30,1,48,4,2,8,3
30,2,48,4,4,8,6
30,3,48,2,3,10,6
30,5,48,0,4,10,6
30,10,48,0,1,10,4
30,20,48,0,3,10,5
30,30,48,0,3,10,7
50,1,48,2,4,10,9
50,2,48,1,3,10,8
50,3,48,0,5,10,8
50,5,48,0,3,10,6
50,10,48,0,4,10,8
50,20,48,0,3,10,7
50,30,48,0,4,10,6
100,1,48,2,1,10,10
100,2,48,0,2,10,9
100,3,48,0,3,10,10
100,5,48,0,2,10,10
100,10,48,0,1,10,10
100,20,48,0,2,10,9
100,30,48,0,1,10,10
10,1,49,1,2,3,1
10,2,49,4,3,8,4
10,3,49,4,3,6,2
10,5,49,4,1,8,2
10,10,49,2,5,10,3
10,20,49,0,1,10,1
10,30,49,0,2,10,2
20,1,49,3,2,8,3
20,2,49,3,3,9,4
20,3,49,2,1,10,2
20,5,49,2,2,10,3
20,10,49,1,2,10,2
20,20,49,0,1,10,1
20,30,49,0,2,10,4
30,1,49,4,2,8,3
30,2,49,1,3,10,2
30,3,49,3,2,10,6
30,5,49,0,2,10,3
30,10,49,0,3,10,5
30,20,49,0,3,10,4
30,30,49,0,4,10,4
50,1,49,3,4,9,6
50,2,49,2,3,10,9
50,3,49,0,3,10,9
50,5,49,0,2,10,9
50,10,49,0,3,10,7
50,20,49,0,3,10,7
50,30,49,0,4,10,6
100,1,49,1,2,10,10
100,2,49,0,3,10,10
100,3,49,0,1,10,10
100,5,49,0,2,10,10
100,10,49,0,2,10,10
100,20,49,0,2,10,10
100,30,49,0,1,10,10
10,1,50,3,2,3,0
10,2,50,3,3,4,2
10,3,50,3,1,8,1
10,5,50,2,2,10,2
10,10,50,1,1,10,1
10,20,50,1,3,10,3
10,30,50,0,3,10,2
20,1,50,4,0,5,4
20,2,50,3,3,10,7
20,3,50,3,2,7,1
20,5,50,2,2,10,3
20,10,50,1,2,10,2
20,20,50,0,2,10,4
20,30,50,0,3,10,3
30,1,50,4,3,8,4
30,2,50,3,2,9,3
30,3,50,2,2,10,4
30,5,50,1,3,10,5
30,10,50,0,1,10,5
30,20,50,0,2,10,3
30,30,50,0,2,10,6
50,1,50,2,3,9,7
50,2,50,2,3,10,8
50,3,50,1,3,10,8
50,5,50,1,2,10,7
50,10,50,0,4,10,9
50,20,50,0,4,10,6
50,30,50,0,3,10,4
100,1,50,1,2,10,9
100,2,50,0,4,10,10
100,3,50,0,2,10,10
100,5,50,0,2,10,10
100,10,50,0,2,10,10
100,20,50,0,2,10,10
100,30,50,0,2,10,9
10,1,51,2,2,1,2
10,2,51,3,2,7,1
10,3,51,4,1,7,2
10,5,51,4,3,9,2
10,10,51,1,1,10,1
10,20,51,2,4,10,3
10,30,51,0,2,10,1
20,1,51,2,3,6,3
20,2,51,2,2,4,4
20,3,51,4,1,8,4
20,5,51,2,3,10,5
20,10,51,1,2,10,3
20,20,51,0,3,10,4
20,30,51,0,2,10,6
30,1,51,5,1,10,3
30,2,51,2,4,9,5
30,3,51,2,3,10,6
30,5,51,1,2,10,5
30,10,51,0,1,10,6
30,20,51,0,3,10,3
30,30,51,0,1,10,6
50,1,51,3,4,9,7
50,2,51,1,3,10,7
50,3,51,1,3,10,7
50,5,51,0,3,10,8
50,10,51,0,3,10,7
50,20,51,0,3,10,7
50,30,51,0,3,10,8
100,1,51,0,3,10,10
100,2,51,0,2,10,9
100,3,51,0,2,10,10
100,5,51,0,3,10,10
100,10,51,0,3,10,10
100,20,51,0,3,10,10
100,30,51,0,3,10,9
10,1,52,2,3,3,2
10,2,52,3,0,5,1
10,3,52,6,3,5,3
10,5,52,3,2,9,1
10,10,52,1,2,10,2
10,20,52,1,2,10,2
10,30,52,0,1,10,1
20,1,52,3,3,6,3
20,2,52,4,2,8,3
20,3,52,4,1,9,2
20,5,52,2,3,9,1
20,10,52,0,1,10,3
20,20,52,0,2,10,4
20,30,52,0,1,10,3
30,1,52,5,3,6,4
30,2,52,3,4,9,7
30,3,52,2,2,10,5
30,5,52,0,4,10,6
30,10,52,1,2,10,5
30,20,52,0,1,10,5
30,30,52,0,3,10,6
50,1,52,3,1,9,5
50,2,52,2,5,9,8
50,3,52,0,3,10,8
50,5,52,0,3,10,6
50,10,52,0,4,10,7
50,20,52,0,4,10,8
50,30,52,0,3,10,7
100,1,52,0,2,10,10
100,2,52,0,2,10,10
100,3,52,0,1,10,10
100,5,52,0,1,10,9
100,10,52,0,3,10,9
100,20,52,0,2,10,10
100,30,52,0,3,10,10
10,1,53,2,2,3,3
10,2,53,3,3,3,3
10,3,53,2,2,5,3
10,5,53,1,2,8,0
10,10,53,3,1,9,3
10,20,53,1,2,10,2
10,30,53,0,3,10,2
20,1,53,4,2,9,5
20,2,53,2,2,8,5
20,3,53,4,2,8,3
20,5,53,1,2,10,3
20,10,53,0,3,10,3
20,20,53,0,3,10,3
20,30,53,0,3,10,2
30,1,53,2,1,9,4
30,2,53,3,4,10,5
30,3,53,2,3,10,6
30,5,53,1,3,10,5
30,10,53,0,1,10,5
30,20,53,0,2,10,6
30,30,53,0,2,10,4
50,1,53,2,3,9,7
50,2,53,2,3,10,6
50,3,53,0,3,10,7
50,5,53,0,3,10,7
50,10,53,0,2,10,4
50,20,53,0,2,10,6
50,30,53,0,3,10,7
100,1,53,0,3,10,10
100,2,53,0,3,10,9
100,3,53,0,3,10,9
100,5,53,0,2,10,10
100,10,53,0,3,10,9
100,20,53,0,3,10,10
100,30,53,0,3,10,9
10,1,54,1,3,5,3
10,2,54,2,3,4,3
10,3,54,3,2,4,1
10,5,54,3,3,8,3
10,10,54,2,3,10,1
10,20,54,0,2,10,2
10,30,54,0,2,10,1
20,1,54,3,1,4,2
20,2,54,4,0,7,1
20,3,54,2,3,9,5
20,5,54,0,3,10,4
20,10,54,1,3,10,4
20,20,54,0,2,10,4
20,30,54,0,1,10,1
30,1,54,3,1,9,3
30,2,54,5,0,10,2
30,3,54,2,1,10,4
30,5,54,0,4,10,6
30,10,54,0,4,10,8
30,20,54,0,2,10,6
30,30,54,0,3,10,4
50,1,54,3,1,9,6
50,2,54,1,3,10,8
50,3,54,1,4,10,6
50,5,54,0,3,10,7
50,10,54,0,4,10,9
50,20,54,0,3,10,8
50,30,54,0,1,10,10
100,1,54,1,2,10,10
100,2,54,1,3,10,9
100,3,54,0,5,10,8
100,5,54,0,3,10,9
100,10,54,0,2,10,9
100,20,54,0,2,10,9
100,30,54,0,2,10,10
10,1,55,2,3,4,5
10,2,55,1,3,3,3
10,3,55,2,1,5,2
10,5,55,4,0,8,0
10,10,55,3,2,8,1
10,20,55,0,3,10,4
10,30,55,0,1,10,2
20,1,55,2,2,3,3
20,2,55,3,2,8,4
20,3,55,3,1,9,1
20,5,55,2,2,10,2
20,10,55,1,1,10,3
20,20,55,0,2,10,2
20,30,55,0,3,10,3
30,1,55,3,3,8,5
30,2,55,2,3,9,5
30,3,55,2,3,10,4
30,5,55,0,2,10,4
30,10,55,0,4,10,7
30,20,55,0,1,10,7
30,30,55,0,3,10,5
50,1,55,4,3,9,8
50,2,55,0,4,10,7
50,3,55,1,3,10,8
50,5,55,0,3,10,9
50,10,55,0,3,10,6
50,20,55,0,3,10,8
50,30,55,0,3,10,5
100,1,55,1,1,10,10
100,2,55,0,3,10,10
100,3,55,0,2,10,10
100,5,55,0,2,10,9
100,10,55,0,4,10,9
100,20,55,0,3,10,10
100,30,55,0,3,10,9
10,1,56,1,3,3,2
10,2,56,3,3,3,2
10,3,56,5,3,5,3
10,5,56,3,2,8,2
10,10,56,5,2,9,3
10,20,56,1,4,10,2
10,30,56,0,2,10,1
20,1,56,2,2,8,2
20,2,56,3,3,7,3
20,3,56,3,3,7,2
20,5,56,3,2,10,3
20,10,56,1,3,10,6
20,20,56,0,2,10,4
20,30,56,0,2,10,3
30,1,56,4,2,9,4
30,2,56,2,4,10,8
30,3,56,2,2,9,4
30,5,56,1,3,10,5
30,10,56,0,3,10,8
30,20,56,0,2,10,6
30,30,56,0,2,10,2
50,1,56,3,4,10,6
50,2,56,1,3,10,9
50,3,56,1,4,10,9
50,5,56,1,4,10,8
50,10,56,0,4,10,8
50,20,56,0,4,10,8
50,30,56,0,4,10,8
100,1,56,0,3,10,9
100,2,56,0,4,10,8
100,3,56,0,2,10,10
100,5,56,1,2,10,9
100,10,56,0,3,10,9
100,20,56,0,3,10,10
100,30,56,0,2,10,10
10,1,57,2,1,2,1
10,2,57,5,4,9,3
10,3,57,3,4,8,1
10,5,57,3,3,8,0
10,10,57,2,2,9,1
10,20,57,1,5,10,3
10,30,57,1,1,10,2
20,1,57,2,1,5,2
20,2,57,4,1,7,3
20,3,57,2,2,10,4
20,5,57,1,2,10,3
20,10,57,1,0,10,2
20,20,57,0,1,10,3
20,30,57,0,3,10,4
30,1,57,5,3,8,7
30,2,57,3,4,10,6
30,3,57,2,3,9,8
30,5,57,0,3,10,2
30,10,57,1,2,10,4
30,20,57,0,2,10,3
30,30,57,0,2,10,2
50,1,57,4,4,9,7
50,2,57,2,4,10,7
50,3,57,1,4,10,5
50,5,57,0,5,10,8
50,10,57,0,3,10,8
50,20,57,0,3,10,6
50,30,57,0,4,10,6
100,1,57,1,3,10,10
100,2,57,0,0,10,10
100,3,57,0,2,10,9
100,5,57,0,2,10,10
100,10,57,0,2,10,10
100,20,57,0,2,10,10
100,30,57,0,2,10,9
10,1,58,2,3,5,1
10,2,58,1,2,3,3
10,3,58,4,2,6,2
10,5,58,3,1,9,0
10,10,58,3,2,9,1
10,20,58,1,1,10,0
10,30,58,1,2,10,3
20,1,58,4,1,5,1
20,2,58,4,2,8,4
20,3,58,3,3,9,4
20,5,58,1,1,10,2
20,10,58,1,3,10,4
20,20,58,0,3,10,3
20,30,58,0,1,10,0
30,1,58,4,3,8,5
30,2,58,3,3,10,6
30,3,58,1,1,10,6
30,5,58,0,2,10,4
30,10,58,0,2,10,6
30,20,58,0,3,10,5
30,30,58,0,2,10,5
50,1,58,0,4,10,7
50,2,58,0,4,10,8
50,3,58,0,4,10,6
50,5,58,0,4,10,9
50,10,58,0,3,10,9
50,20,58,0,4,10,8
50,30,58,0,3,10,7
100,1,58,0,2,10,10
100,2,58,1,3,10,9
100,3,58,0,4,10,8
100,5,58,0,2,10,10
100,10,58,0,2,10,10
100,20,58,0,2,10,9
100,30,58,0,3,10,10
10,1,59,1,3,4,2
10,2,59,2,0,4,1
10,3,59,4,2,6,2
10,5,59,3,0,10,2
10,10,59,2,3,9,1
10,20,59,1,2,10,1
10,30,59,1,2,10,1
20,1,59,3,2,6,2
20,2,59,2,3,8,1
20,3,59,3,1,9,4
20,5,59,0,2,10,3
20,10,59,0,2,10,4
20,20,59,0,2,10,5
20,30,59,0,2,10,4
30,1,59,3,2,8,6
30,2,59,1,3,10,4
30,3,59,2,2,8,5
30,5,59,1,4,10,7
30,10,59,0,3,10,5
30,20,59,0,3,10,7
30,30,59,0,1,10,6
50,1,59,2,4,9,7
50,2,59,1,4,10,8
50,3,59,0,2,10,9
50,5,59,0,4,10,9
50,10,59,0,3,10,9
50,20,59,0,3,10,6
50,30,59,0,4,10,7
100,1,59,0,3,10,10
100,2,59,0,2,10,9
100,3,59,0,3,10,9
100,5,59,0,4,10,8
100,10,59,0,3,10,10
100,20,59,0,2,10,10
100,30,59,0,4,10,7
10,1,60,1,2,2,0
10,2,60,1,1,4,0
10,3,60,3,2,6,2
10,5,60,4,2,8,1
10,10,60,2,2,9,1
10,20,60,0,2,10,0
10,30,60,1,2,10,1
20,1,60,2,2,5,2
20,2,60,4,3,7,3
20,3,60,3,1,8,2
20,5,60,1,2,10,2
20,10,60,1,1,10,1
20,20,60,1,3,10,1
20,30,60,0,1,10,2
30,1,60,3,2,8,7
30,2,60,3,1,10,1
30,3,60,3,2,10,3
30,5,60,2,2,10,8
30,10,60,0,3,10,4
30,20,60,0,2,10,4
30,30,60,0,3,10,4
50,1,60,2,4,10,8
50,2,60,1,4,10,6
50,3,60,1,2,10,7
50,5,60,0,5,10,9
50,10,60,0,5,10,8
50,20,60,0,4,10,9
50,30,60,0,4,10,7
100,1,60,0,3,10,10
100,2,60,1,4,10,9
100,3,60,0,3,10,9
100,5,60,0,2,10,10
100,10,60,0,3,10,10
100,20,60,0,1,10,10
100,30,60,0,3,10,9
10,1,61,1,3,3,2
10,2,61,3,3,5,2
10,3,61,3,4,5,3
10,5,61,5,3,9,4
10,10,61,3,1,10,2
10,20,61,1,4,10,3
10,30,61,0,4,10,2
20,1,61,4,2,7,5
20,2,61,3,3,9,5
20,3,61,3,3,9,2
20,5,61,0,2,10,4
20,10,61,0,3,10,1
20,20,61,0,2,10,3
20,30,61,0,1,10,3
30,1,61,4,2,8,5
30,2,61,3,1,9,3
30,3,61,4,2,9,3
30,5,61,1,4,10,4
30,10,61,0,2,10,4
30,20,61,0,4,10,3
30,30,61,0,2,10,3
50,1,61,2,3,10,8
50,2,61,1,4,10,7
50,3,61,1,3,10,8
50,5,61,0,3,10,7
50,10,61,0,3,10,8
50,20,61,0,4,10,9
50,30,61,0,3,10,10
100,1,61,2,3,10,10
100,2,61,0,3,10,8
100,3,61,0,2,10,10
100,5,61,0,4,10,10
100,10,61,0,3,10,10
100,20,61,0,2,10,10
100,30,61,0,2,10,10
10,1,62,4,1,4,2
10,2,62,2,1,6,1
10,3,62,1,2,4,1
10,5,62,3,3,10,1
10,10,62,2,5,10,3
10,20,62,1,2,10,3
10,30,62,0,4,10,3
20,1,62,3,1,7,4
20,2,62,4,1,8,5
20,3,62,4,2,9,4
20,5,62,1,3,10,4
20,10,62,1,3,10,6
20,20,62,0,2,10,3
20,30,62,0,1,10,6
30,1,62,4,3,8,5
30,2,62,2,3,10,8
30,3,62,1,1,10,5
30,5,62,1,3,10,3
30,10,62,0,3,10,6
30,20,62,0,2,10,5
30,30,62,0,1,10,5
50,1,62,3,4,10,6
50,2,62,1,3,10,7
50,3,62,2,5,10,8
50,5,62,0,3,10,7
50,10,62,0,4,10,10
50,20,62,0,3,10,9
50,30,62,0,4,10,8
100,1,62,1,3,10,10
100,2,62,0,2,10,10
100,3,62,0,1,10,10
100,5,62,0,2,10,10
100,10,62,0,3,10,9
100,20,62,0,2,10,9
100,30,62,0,2,10,10
10,1,63,1,3,2,2
10,2,63,2,2,6,1
10,3,63,2,3,6,4
10,5,63,3,1,5,1
10,10,63,2,1,10,2
10,20,63,0,4,10,2
10,30,63,1,3,10,2
20,1,63,3,2,6,2
20,2,63,3,1,9,4
20,3,63,3,4,10,4
20,5,63,2,3,10,4
20,10,63,1,2,10,4
20,20,63,0,0,10,1
20,30,63,0,2,10,2
30,1,63,5,1,9,5
30,2,63,5,3,9,5
30,3,63,0,3,10,5
30,5,63,2,2,10,2
30,10,63,0,4,10,7
30,20,63,0,3,10,8
30,30,63,0,2,10,4
50,1,63,2,4,9,9
50,2,63,3,2,10,5
50,3,63,0,2,10,9
50,5,63,0,4,10,6
50,10,63,0,3,10,8
50,20,63,0,4,10,7
50,30,63,0,2,10,8
100,1,63,1,2,10,10
100,2,63,0,2,10,9
100,3,63,0,3,10,10
100,5,63,0,3,10,8
100,10,63,0,3,10,9
100,20,63,0,4,10,9
100,30,63,0,3,10,10
10,1,64,2,1,3,1
10,2,64,3,4,7,4
10,3,64,4,2,8,1
10,5,64,3,4,9,3
10,10,64,1,1,10,1
10,20,64,1,1,10,2
10,30,64,0,1,10,1
20,1,64,3,1,8,4
20,2,64,3,4,8,5
20,3,64,2,4,9,5
20,5,64,2,1,10,4
20,10,64,0,0,10,3
20,20,64,0,2,10,2
20,30,64,0,2,10,2
30,1,64,3,3,8,4
30,2,64,3,3,10,6
30,3,64,3,0,10,3
30,5,64,0,2,10,2
30,10,64,0,1,10,2
30,20,64,0,1,10,5
30,30,64,0,3,10,2
50,1,64,4,4,9,7
50,2,64,0,3,10,7
50,3,64,1,3,10,8
50,5,64,1,4,10,7
50,10,64,0,4,10,8
50,20,64,0,3,10,8
50,30,64,0,3,10,8
100,1,64,0,2,10,10
100,2,64,0,3,10,10
100,3,64,0,4,10,10
100,5,64,0,4,10,10
100,10,64,0,3,10,10
100,20,64,0,3,10,9
100,30,64,0,1,10,10
10,1,65,3,2,5,2
10,2,65,3,3,4,1
10,3,65,3,1,6,1
10,5,65,4,3,5,1
10,10,65,3,2,10,1
10,20,65,0,2,10,0
10,30,65,0,1,10,1
20,1,65,2,0,6,3
20,2,65,3,2,6,2
20,3,65,3,2,10,3
20,5,65,2,1,10,5
20,10,65,0,1,10,3
20,20,65,0,1,10,3
20,30,65,0,2,10,4
30,1,65,2,3,8,6
30,2,65,2,3,10,6
30,3,65,1,4,10,6
30,5,65,1,2,10,4
30,10,65,0,2,10,6
30,20,65,0,3,10,7
30,30,65,0,2,10,5
50,1,65,2,3,10,8
50,2,65,2,2,10,5
50,3,65,0,3,10,5
50,5,65,0,4,10,7
50,10,65,0,2,10,7
50,20,65,0,4,10,7
50,30,65,0,3,10,6
100,1,65,1,2,10,10
100,2,65,0,3,10,10
100,3,65,0,2,10,10
100,5,65,0,2,10,10
100,10,65,0,4,10,9
100,20,65,0,4,10,10
100,30,65,0,3,10,9
10,1,66,2,1,2,0
10,2,66,2,1,4,1
10,3,66,3,4,6,4
10,5,66,3,2,6,2
10,10,66,2,1,10,3
10,20,66,2,3,10,2
10,30,66,0,3,10,1
20,1,66,3,2,4,4
20,2,66,4,1,8,2
20,3,66,3,4,10,4
20,5,66,3,2,10,4
20,10,66,0,2,10,4
20,20,66,0,0,10,2
20,30,66,0,1,10,4
30,1,66,3,1,7,2
30,2,66,3,2,9,7
30,3,66,1,2,10,3
30,5,66,1,2,10,5
30,10,66,0,1,10,4
30,20,66,0,2,10,3
30,30,66,0,5,10,7
50,1,66,4,4,9,6
50,2,66,2,2,10,5
50,3,66,1,4,10,7
50,5,66,0,2,10,6
50,10,66,0,4,10,9
50,20,66,0,3,10,6
50,30,66,0,4,10,8
100,1,66,1,3,10,9
100,2,66,0,3,10,9
100,3,66,0,3,10,10
100,5,66,0,2,10,10
100,10,66,0,3,10,10
100,20,66,0,1,10,10
100,30,66,0,2,10,10
10,1,67,3,3,2,1
10,2,67,3,4,4,3
10,3,67,2,2,8,2
10,5,67,2,3,8,1
10,10,67,1,3,10,0
10,20,67,0,5,10,3
10,30,67,0,2,10,1
20,1,67,4,1,6,3
20,2,67,2,0,7,4
20,3,67,3,2,10,4
20,5,67,2,2,10,3
20,10,67,1,2,10,5
20,20,67,0,2,10,3
20,30,67,0,2,10,4
30,1,67,3,2,9,5
30,2,67,2,1,10,5
30,3,67,1,3,10,7
30,5,67,0,3,10,4
30,10,67,0,2,10,5
30,20,67,0,4,10,8
30,30,67,0,4,10,8
50,1,67,3,3,9,7
50,2,67,3,4,10,6
50,3,67,0,4,10,8
50,5,67,0,3,10,7
50,10,67,0,2,10,7
50,20,67,0,3,10,9
50,30,67,0,3,10,6
100,1,67,2,4,10,9
100,2,67,0,2,10,10
100,3,67,0,3,10,9
100,5,67,0,2,10,10
100,10,67,0,4,10,9
100,20,67,0,2,10,9
100,30,67,0,2,10,10
10,1,68,1,1,2,2
10,2,68,4,2,8,1
10,3,68,3,3,7,1
10,5,68,3,0,5,2
10,10,68,2,3,10,3
10,20,68,1,2,10,1
10,30,68,0,4,10,4
20,1,68,3,2,8,3
20,2,68,5,1,10,4
20,3,68,3,2,9,3
20,5,68,3,3,10,5
20,10,68,0,1,10,5
20,20,68,0,3,10,3
20,30,68,0,2,10,1
30,1,68,4,3,7,3
30,2,68,3,3,9,6
30,3,68,1,4,10,5
30,5,68,0,3,10,5
30,10,68,1,3,10,3
30,20,68,0,4,10,6
30,30,68,0,2,10,2
50,1,68,3,4,10,5
50,2,68,1,4,10,8
50,3,68,1,4,10,8
50,5,68,0,5,10,7
50,10,68,0,4,10,7
50,20,68,0,3,10,9
50,30,68,0,3,10,8
100,1,68,1,2,10,10
100,2,68,0,3,10,9
100,3,68,0,3,10,9
100,5,68,0,2,10,9
100,10,68,0,3,10,10
100,20,68,0,2,10,9
100,30,68,0,4,10,10
10,1,69,5,2,2,2
10,2,69,3,2,4,1
10,3,69,3,3,6,2
10,5,69,3,4,7,1
10,10,69,1,3,10,2
10,20,69,0,3,10,1
10,30,69,0,2,10,0
20,1,69,5,1,7,4
20,2,69,4,1,8,3
20,3,69,4,2,9,4
20,5,69,2,1,10,1
20,10,69,0,5,10,3
20,20,69,0,1,10,4
20,30,69,0,3,10,4
30,1,69,3,1,7,4
30,2,69,1,3,10,6
30,3,69,2,1,9,2
30,5,69,1,2,10,4
30,10,69,0,2,10,4
30,20,69,0,2,10,5
30,30,69,0,1,10,4
50,1,69,2,3,10,4
50,2,69,0,4,10,9
50,3,69,0,3,10,7
50,5,69,0,4,10,8
50,10,69,0,3,10,8
50,20,69,0,3,10,8
50,30,69,0,3,10,7
100,1,69,1,4,10,9
100,2,69,0,2,10,10
100,3,69,0,3,10,9
100,5,69,0,2,10,10
100,10,69,0,2,10,9
100,20,69,0,2,10,10
100,30,69,0,2,10,10
10,1,70,1,3,4,1
10,2,70,2,3,4,2
10,3,70,4,2,8,2
10,5,70,3,3,8,2
10,10,70,2,3,10,2
10,20,70,1,2,10,2
10,30,70,0,4,10,2
20,1,70,4,1,7,3
20,2,70,5,2,8,4
20,3,70,4,1,5,2
20,5,70,1,0,10,2
20,10,70,1,0,10,3
20,20,70,0,1,10,3
20,30,70,0,1,10,2
30,1,70,3,3,8,5
30,2,70,3,3,10,6
30,3,70,2,3,10,5
30,5,70,1,4,10,6
30,10,70,0,1,10,4
30,20,70,0,2,10,5
30,30,70,0,1,10,6
50,1,70,2,3,10,8
50,2,70,2,3,10,6
50,3,70,1,4,10,8
50,5,70,0,4,10,8
50,10,70,0,1,10,6
50,20,70,0,2,10,5
50,30,70,0,4,10,8
100,1,70,0,2,10,10
100,2,70,0,3,10,8
100,3,70,0,3,10,10
100,5,70,0,2,10,10
100,10,70,0,1,10,10
100,20,70,0,2,10,10
100,30,70,0,3,10,9
10,1,71,3,1,5,2
10,2,71,2,3,6,2
10,3,71,3,4,6,2
10,5,71,3,3,7,3
10,10,71,1,2,10,2
10,20,71,0,3,10,2
10,30,71,0,3,10,3
20,1,71,4,5,7,5
20,2,71,3,4,6,4
20,3,71,3,3,9,4
20,5,71,2,2,10,3
20,10,71,0,3,10,4
20,20,71,0,2,10,5
20,30,71,0,3,10,2
30,1,71,4,2,7,4
30,2,71,4,2,9,6
30,3,71,1,1,9,5
30,5,71,1,4,10,4
30,10,71,0,2,10,5
30,20,71,0,2,10,5
30,30,71,0,3,10,5
50,1,71,1,3,10,8
50,2,71,1,4,10,6
50,3,71,1,3,10,7
50,5,71,0,3,10,5
50,10,71,0,3,10,8
50,20,71,0,3,10,8
50,30,71,0,3,10,7
100,1,71,1,2,10,9
100,2,71,0,1,10,10
100,3,71,0,2,10,10
100,5,71,0,3,10,9
100,10,71,0,2,10,10
100,20,71,0,3,10,7
100,30,71,0,3,10,10
10,1,72,3,1,3,2
10,2,72,3,3,5,4
10,3,72,2,4,8,4
10,5,72,4,1,8,1
10,10,72,2,3,10,1
10,20,72,0,2,10,3
10,30,72,0,3,10,3
20,1,72,3,2,4,5
20,2,72,4,1,8,3
20,3,72,3,2,10,3
20,5,72,2,1,10,5
20,10,72,0,1,10,3
20,20,72,0,1,10,1
20,30,72,0,2,10,1
30,1,72,3,3,7,5
30,2,72,3,2,10,6
30,3,72,1,2,10,3
30,5,72,1,4,10,4
30,10,72,0,3,10,5
30,20,72,0,1,10,4
30,30,72,0,2,10,3
50,1,72,2,3,9,6
50,2,72,0,2,10,9
50,3,72,0,4,10,6
50,5,72,0,2,10,8
50,10,72,0,4,10,9
50,20,72,0,3,10,7
50,30,72,0,5,10,7
100,1,72,0,2,10,10
100,2,72,0,2,10,10
100,3,72,1,4,10,10
100,5,72,0,1,10,10
100,10,72,0,4,10,9
100,20,72,0,2,10,10
100,30,72,0,1,10,10
10,1,73,2,2,3,2
10,2,73,2,1,3,2
10,3,73,4,1,8,0
10,5,73,3,0,7,1
10,10,73,2,2,10,2
10,20,73,1,3,10,2
10,30,73,0,1,10,3
20,1,73,3,1,8,4
20,2,73,3,2,7,2
20,3,73,2,3,10,4
20,5,73,1,0,10,3
20,10,73,1,3,10,4
20,20,73,0,1,10,3
20,30,73,0,2,10,2
30,1,73,3,3,7,4
30,2,73,3,3,8,3
30,3,73,1,2,10,3
30,5,73,1,2,10,3
30,10,73,0,4,10,6
30,20,73,0,2,10,7
30,30,73,0,0,10,2
50,1,73,2,4,10,8
50,2,73,1,3,10,8
50,3,73,1,2,10,6
50,5,73,0,3,10,9
50,10,73,0,4,10,8
50,20,73,0,4,10,8
50,30,73,0,2,10,7
100,1,73,0,2,10,10
100,2,73,0,2,10,9
100,3,73,0,2,10,10
100,5,73,0,2,10,10
100,10,73,0,3,10,10
100,20,73,0,2,10,9
100,30,73,0,1,10,10
10,1,74,2,1,1,1
10,2,74,3,1,6,0
10,3,74,2,3,6,1
10,5,74,4,2,9,1
10,10,74,2,2,10,1
10,20,74,0,2,10,1
10,30,74,0,3,10,2
20,1,74,3,1,7,4
20,2,74,2,1,9,1
20,3,74,2,2,10,4
20,5,74,3,2,9,4
20,10,74,0,3,10,4
20,20,74,0,2,10,4
20,30,74,0,5,10,4
30,1,74,4,2,8,4
30,2,74,4,2,8,3
30,3,74,2,4,9,4
30,5,74,0,1,10,4
30,10,74,0,4,10,5
30,20,74,0,2,10,7
30,30,74,0,3,10,6
50,1,74,1,2,10,8
50,2,74,2,4,10,7
50,3,74,0,4,10,8
50,5,74,0,2,10,7
50,10,74,0,2,10,6
50,20,74,0,3,10,8
50,30,74,0,4,10,9
100,1,74,0,2,10,10
100,2,74,0,2,10,9
100,3,74,0,3,10,10
100,5,74,0,2,10,10
100,10,74,0,4,10,9
100,20,74,0,4,10,9
100,30,74,0,2,10,10
10,1,75,2,2,5,2
10,2,75,2,0,4,2
10,3,75,2,2,5,2
10,5,75,3,1,9,3
10,10,75,3,2,9,1
10,20,75,1,3,10,3
10,30,75,0,3,10,1
20,1,75,2,2,6,3
20,2,75,4,2,10,6
20,3,75,3,1,10,3
20,5,75,2,2,10,4
20,10,75,0,2,10,4
20,20,75,0,2,10,2
20,30,75,0,1,10,2
30,1,75,4,3,7,6
30,2,75,4,2,9,3
30,3,75,1,4,10,7
30,5,75,1,2,10,5
30,10,75,0,3,10,5
30,20,75,0,1,10,3
30,30,75,0,1,10,6
50,1,75,3,3,10,9
50,2,75,1,4,10,8
50,3,75,1,2,10,5
50,5,75,0,4,10,7
50,10,75,0,4,10,9
50,20,75,0,3,10,8
50,30,75,0,4,10,8
100,1,75,0,3,10,9
100,2,75,0,2,10,9
100,3,75,0,3,10,9
100,5,75,0,1,10,10
100,10,75,0,3,10,10
100,20,75,0,3,10,10
100,30,75,0,2,10,10
10,1,76,3,2,3,3
10,2,76,3,0,5,0
10,3,76,4,4,7,1
10,5,76,3,2,8,1
10,10,76,2,3,10,0
10,20,76,1,2,10,2
10,30,76,0,2,10,2
20,1,76,3,1,5,2
20,2,76,4,2,9,4
20,3,76,2,2,10,4
20,5,76,1,3,10,4
20,10,76,0,1,10,3
20,20,76,0,3,10,4
20,30,76,0,2,10,3
30,1,76,3,2,7,3
30,2,76,3,2,8,5
30,3,76,3,2,10,5
30,5,76,2,3,10,5
30,10,76,0,3,10,5
30,20,76,0,3,10,3
30,30,76,0,3,10,6
50,1,76,3,4,10,8
50,2,76,2,4,10,6
50,3,76,1,3,10,5
50,5,76,0,4,10,8
50,10,76,0,5,10,8
50,20,76,0,2,10,6
50,30,76,0,2,10,4
100,1,76,1,2,10,10
100,2,76,0,1,10,10
100,3,76,0,2,10,10
100,5,76,0,2,10,9
100,10,76,0,3,10,9
100,20,76,0,3,10,10
100,30,76,0,3,10,9
10,1,77,2,3,3,1
10,2,77,2,3,7,4
10,3,77,2,0,6,0
10,5,77,4,3,9,2
10,10,77,2,1,10,1
10,20,77,1,2,10,1
10,30,77,0,1,10,2
20,1,77,2,3,7,4
20,2,77,3,1,8,2
20,3,77,4,4,8,2
20,5,77,1,3,10,6
20,10,77,0,2,10,3
20,20,77,0,1,10,2
20,30,77,0,3,10,4
30,1,77,4,3,8,4
30,2,77,4,2,8,6
30,3,77,1,1,10,4
30,5,77,0,3,10,6
30,10,77,0,2,10,4
30,20,77,0,3,10,5
30,30,77,0,4,10,6
50,1,77,1,2,10,8
50,2,77,1,3,10,7
50,3,77,1,4,10,7
50,5,77,0,3,10,6
50,10,77,0,3,10,6
50,20,77,0,4,10,7
50,30,77,0,2,10,6
100,1,77,0,3,10,10
100,2,77,0,1,10,10
100,3,77,0,3,10,9
100,5,77,0,2,10,10
100,10,77,0,2,10,10
100,20,77,0,2,10,10
100,30,77,0,1,10,10
10,1,78,1,3,3,2
10,2,78,2,1,7,3
10,3,78,4,2,4,2
10,5,78,5,2,7,1
10,10,78,2,1,10,2
10,20,78,1,3,10,1
10,30,78,0,4,10,3
20,1,78,3,1,6,3
20,2,78,2,2,8,4
20,3,78,3,3,7,4
20,5,78,1,3,10,2
20,10,78,1,2,10,4
20,20,78,0,2,10,4
20,30,78,0,2,10,4
30,1,78,3,2,7,6
30,2,78,4,3,9,3
30,3,78,3,3,8,4
30,5,78,1,3,10,6
30,10,78,0,1,10,4
30,20,78,0,3,10,1
30,30,78,0,3,10,6
50,1,78,2,4,10,9
50,2,78,1,4,10,6
50,3,78,0,3,10,7
50,5,78,0,3,10,6
50,10,78,0,4,10,6
50,20,78,0,6,10,8
50,30,78,0,4,10,8
100,1,78,1,3,10,9
100,2,78,0,3,10,9
100,3,78,0,2,10,10
100,5,78,0,3,10,8
100,10,78,0,2,10,9
100,20,78,0,5,10,8
100,30,78,0,2,10,10
10,1,79,0,3,3,4
10,2,79,0,1,4,2
10,3,79,1,3,8,1
10,5,79,3,1,8,1
10,10,79,2,4,10,2
10,20,79,0,1,10,1
10,30,79,0,2,10,2
20,1,79,2,2,5,3
20,2,79,4,2,9,1
20,3,79,3,2,10,4
20,5,79,2,3,10,3
20,10,79,1,2,10,3
20,20,79,0,1,10,3
20,30,79,0,3,10,5
30,1,79,3,2,7,5
30,2,79,2,5,10,8
30,3,79,1,4,10,6
30,5,79,0,3,10,6
30,10,79,1,2,10,4
30,20,79,0,1,10,3
30,30,79,0,1,10,4
50,1,79,4,2,9,7
50,2,79,2,3,10,8
50,3,79,1,3,10,6
50,5,79,0,4,10,7
50,10,79,0,3,10,6
50,20,79,0,2,10,7
50,30,79,0,2,10,5
100,1,79,0,2,10,9
100,2,79,0,1,10,10
100,3,79,0,1,10,10
100,5,79,0,2,10,10
100,10,79,0,2,10,9
100,20,79,0,2,10,10
100,30,79,0,3,10,9
10,1,80,1,2,2,4
10,2,80,1,4,3,2
10,3,80,2,2,5,1
10,5,80,2,2,8,1
10,10,80,0,1,10,0
10,20,80,0,2,10,2
10,30,80,0,2,10,3
20,1,80,3,3,6,3
20,2,80,4,1,9,3
20,3,80,2,2,10,4
20,5,80,2,2,10,3
20,10,80,0,2,10,3
20,20,80,0,2,10,3
20,30,80,0,3,10,5
30,1,80,3,2,9,6
30,2,80,2,1,10,5
30,3,80,2,4,10,5
30,5,80,1,3,10,5
30,10,80,0,3,10,8
30,20,80,0,2,10,4
30,30,80,0,2,10,3
50,1,80,2,4,10,9
50,2,80,1,4,9,4
50,3,80,0,3,10,6
50,5,80,0,5,10,7
50,10,80,0,4,10,9
50,20,80,0,4,10,8
50,30,80,0,3,10,9
100,1,80,1,2,10,10
100,2,80,0,3,10,10
100,3,80,0,2,10,10
100,5,80,0,2,10,10
100,10,80,0,2,10,10
100,20,80,0,4,10,9
100,30,80,0,3,10,10
10,1,81,2,2,5,1
10,2,81,2,1,4,3
10,3,81,4,0,6,1
10,5,81,4,2,8,3
10,10,81,3,2,10,2
10,20,81,1,3,10,2
10,30,81,1,2,10,2
20,1,81,4,1,6,3
20,2,81,3,4,9,3
20,3,81,2,2,9,4
20,5,81,1,1,10,1
20,10,81,0,1,10,4
20,20,81,0,3,10,2
20,30,81,0,2,10,1
30,1,81,3,3,9,5
30,2,81,4,2,8,5
30,3,81,1,4,10,4
30,5,81,1,2,10,3
30,10,81,0,2,10,2
30,20,81,0,2,10,8
30,30,81,0,3,10,6
50,1,81,3,4,10,7
50,2,81,0,3,10,9
50,3,81,1,4,10,8
50,5,81,0,3,10,8
50,10,81,0,2,10,9
50,20,81,0,3,10,5
50,30,81,0,4,10,6
100,1,81,0,2,10,9
100,2,81,0,2,10,10
100,3,81,0,2,10,10
100,5,81,0,3,10,9
100,10,81,0,3,10,9
100,20,81,0,2,10,10
100,30,81,0,3,10,10
10,1,82,3,5,4,3
10,2,82,2,4,5,3
10,3,82,2,2,6,1
10,5,82,3,0,7,3
10,10,82,3,2,10,1
10,20,82,0,4,10,1
10,30,82,0,3,10,5
20,1,82,3,4,7,3
20,2,82,3,2,10,3
20,3,82,3,2,8,3
20,5,82,2,2,10,4
20,10,82,0,2,10,3
20,20,82,0,0,10,2
20,30,82,0,1,10,1
30,1,82,3,2,8,5
30,2,82,2,3,10,6
30,3,82,1,2,10,5
30,5,82,2,2,10,1
30,10,82,0,1,10,2
30,20,82,0,3,10,3
30,30,82,0,4,10,5
50,1,82,2,5,10,6
50,2,82,1,4,10,6
50,3,82,1,4,10,4
50,5,82,1,4,10,7
50,10,82,0,3,10,7
50,20,82,0,4,10,7
50,30,82,0,2,10,9
100,1,82,1,4,10,9
100,2,82,0,1,10,10
100,3,82,0,2,10,10
100,5,82,0,2,10,8
100,10,82,0,2,10,10
100,20,82,0,2,10,10
100,30,82,0,1,10,10
10,1,83,3,2,3,0
10,2,83,3,1,7,2
10,3,83,5,3,7,3
10,5,83,4,1,8,1
10,10,83,2,1,10,2
10,20,83,1,2,10,1
10,30,83,0,4,10,3
20,1,83,3,1,7,1
20,2,83,3,2,6,4
20,3,83,4,1,9,2
20,5,83,3,3,9,2
20,10,83,0,3,10,5
20,20,83,0,3,10,4
20,30,83,0,1,10,1
30,1,83,4,3,7,5
30,2,83,2,3,10,4
30,3,83,2,2,10,4
30,5,83,0,4,10,8
30,10,83,0,1,10,6
30,20,83,0,1,10,5
30,30,83,0,2,10,4
50,1,83,1,3,10,9
50,2,83,2,4,10,9
50,3,83,1,3,10,7
50,5,83,0,4,10,7
50,10,83,0,3,10,6
50,20,83,0,3,10,3
50,30,83,0,2,10,7
100,1,83,1,2,10,10
100,2,83,0,1,10,10
100,3,83,0,2,10,10
100,5,83,0,4,10,10
100,10,83,0,4,10,8
100,20,83,0,4,10,9
100,30,83,0,2,10,10
10,1,84,2,1,3,1
10,2,84,3,2,6,2
10,3,84,2,3,6,2
10,5,84,2,5,6,1
10,10,84,1,5,10,2
10,20,84,1,2,10,2
10,30,84,0,3,10,3
20,1,84,3,0,6,7
20,2,84,3,2,8,3
20,3,84,3,3,8,4
20,5,84,3,0,9,3
20,10,84,1,0,10,3
20,20,84,0,4,10,3
20,30,84,0,3,10,4
30,1,84,2,1,8,3
30,2,84,3,2,8,4
30,3,84,1,3,10,7
30,5,84,0,4,10,6
30,10,84,0,3,10,7
30,20,84,0,2,10,6
30,30,84,0,1,10,3
50,1,84,1,2,10,7
50,2,84,1,3,10,4
50,3,84,1,3,10,8
50,5,84,0,3,10,5
50,10,84,0,3,10,9
50,20,84,0,3,10,6
50,30,84,0,3,10,6
100,1,84,0,2,10,9
100,2,84,0,3,10,9
100,3,84,0,1,10,10
100,5,84,0,2,10,10
100,10,84,0,1,10,10
100,20,84,0,3,10,8
100,30,84,0,3,10,9
10,1,85,1,3,3,2
10,2,85,3,4,4,5
10,3,85,1,2,4,3
10,5,85,5,1,9,0
10,10,85,3,3,10,3
10,20,85,1,3,10,3
10,30,85,0,2,10,0
20,1,85,3,1,4,1
20,2,85,4,2,9,3
20,3,85,3,3,9,4
20,5,85,2,4,10,4
20,10,85,0,0,10,3
20,20,85,0,1,10,5
20,30,85,0,1,10,5
30,1,85,3,2,7,4
30,2,85,3,1,9,7
30,3,85,2,4,10,4
30,5,85,0,0,10,5
30,10,85,0,1,10,6
30,20,85,0,2,10,3
30,30,85,0,3,10,3
50,1,85,4,3,10,7
50,2,85,1,3,10,6
50,3,85,1,3,10,7
50,5,85,0,2,10,3
50,10,85,0,3,10,5
50,20,85,0,3,10,8
50,30,85,0,3,10,7
100,1,85,1,3,10,10
100,2,85,0,2,10,9
100,3,85,0,3,10,10
100,5,85,0,4,10,8
100,10,85,0,1,10,10
100,20,85,0,1,10,10
100,30,85,0,3,10,10
10,1,86,2,0,3,1
10,2,86,3,4,8,4
10,3,86,3,1,5,2
10,5,86,3,2,9,2
10,10,86,1,2,10,0
10,20,86,0,3,10,3
10,30,86,0,2,10,2
20,1,86,4,2,7,4
20,2,86,4,1,9,2
20,3,86,3,4,9,7
20,5,86,3,3,10,4
20,10,86,0,2,10,3
20,20,86,0,1,10,5
20,30,86,0,2,10,3
30,1,86,3,3,9,6
30,2,86,4,1,9,3
30,3,86,2,2,10,4
30,5,86,0,2,10,6
30,10,86,0,3,10,6
30,20,86,0,1,10,5
30,30,86,0,2,10,4
50,1,86,3,1,10,6
50,2,86,1,3,10,5
50,3,86,1,2,10,8
50,5,86,0,5,10,9
50,10,86,0,4,10,7
50,20,86,0,2,10,4
50,30,86,0,3,10,8
100,1,86,0,3,10,9
100,2,86,1,2,10,10
100,3,86,0,1,10,10
100,5,86,0,2,10,10
100,10,86,0,3,10,10
100,20,86,0,4,10,8
100,30,86,0,0,10,10
10,1,87,2,2,3,0
10,2,87,3,1,5,2
10,3,87,3,3,6,3
10,5,87,4,2,9,3
10,10,87,3,2,9,2
10,20,87,0,1,10,3
10,30,87,0,2,10,2
20,1,87,3,1,5,3
20,2,87,4,3,8,3
20,3,87,3,2,9,4
20,5,87,2,2,10,7
20,10,87,0,3,10,3
20,20,87,0,3,10,5
20,30,87,0,3,10,5
30,1,87,5,2,7,3
30,2,87,3,3,10,6
30,3,87,2,1,10,3
30,5,87,1,1,10,3
30,10,87,0,4,10,6
30,20,87,0,3,10,7
30,30,87,0,2,10,5
50,1,87,3,3,10,8
50,2,87,1,2,10,8
50,3,87,0,3,10,7
50,5,87,0,4,10,6
50,10,87,0,4,10,6
50,20,87,0,3,10,9
50,30,87,0,5,10,7
100,1,87,0,3,10,10
100,2,87,0,1,10,9
100,3,87,0,3,10,10
100,5,87,0,3,10,10
100,10,87,0,1,10,10
100,20,87,0,3,10,10
100,30,87,0,3,10,10
10,1,88,1,2,3,1
10,2,88,2,1,5,1
10,3,88,5,2,9,2
10,5,88,4,3,8,2
10,10,88,1,4,10,2
10,20,88,1,0,10,0
10,30,88,0,3,10,3
20,1,88,3,1,6,4
20,2,88,3,2,7,4
20,3,88,2,3,9,5
20,5,88,2,1,9,4
20,10,88,0,2,10,5
20,20,88,0,0,10,1
20,30,88,0,2,10,2
30,1,88,4,4,6,5
30,2,88,1,4,9,5
30,3,88,3,3,10,2
30,5,88,1,2,10,4
30,10,88,0,2,10,5
30,20,88,0,1,10,1
30,30,88,0,2,10,6
50,1,88,3,4,10,8
50,2,88,1,3,10,5
50,3,88,2,2,10,9
50,5,88,0,3,10,5
50,10,88,0,3,10,6
50,20,88,0,4,10,9
50,30,88,0,5,10,7
100,1,88,2,4,10,10
100,2,88,0,2,10,10
100,3,88,0,1,10,10
100,5,88,0,3,10,10
100,10,88,0,2,10,10
100,20,88,0,3,10,9
100,30,88,0,1,10,9
10,1,89,1,2,3,2
10,2,89,2,2,5,2
10,3,89,2,3,5,2
10,5,89,3,3,8,1
10,10,89,1,4,10,4
10,20,89,1,3,10,3
10,30,89,0,2,10,3
20,1,89,2,2,7,5
20,2,89,2,2,6,3
20,3,89,3,1,10,2
20,5,89,2,1,10,0
20,10,89,1,1,10,2
20,20,89,0,3,10,3
20,30,89,0,0,10,2
30,1,89,4,2,8,3
30,2,89,4,3,9,2
30,3,89,3,2,9,5
30,5,89,1,3,10,6
30,10,89,0,2,10,4
30,20,89,0,3,10,6
30,30,89,0,3,10,4
50,1,89,2,5,9,6
50,2,89,0,4,10,9
50,3,89,0,4,10,9
50,5,89,0,5,10,4
50,10,89,0,3,10,9
50,20,89,0,4,10,9
50,30,89,0,3,10,9
100,1,89,0,2,10,10
100,2,89,0,2,10,10
100,3,89,0,2,10,10
100,5,89,0,2,10,10
100,10,89,0,4,10,10
100,20,89,0,1,10,10
100,30,89,0,1,10,10
10,1,90,2,3,4,3
10,2,90,2,3,7,1
10,3,90,3,4,5,1
10,5,90,3,1,7,2
10,10,90,2,4,10,3
10,20,90,1,2,10,2
10,30,90,1,2,10,1
20,1,90,4,0,4,3
20,2,90,3,2,9,4
20,3,90,4,1,9,3
20,5,90,1,2,10,2
20,10,90,0,2,10,6
20,20,90,0,3,10,4
20,30,90,0,4,10,7
30,1,90,4,0,8,4
30,2,90,5,2,7,4
30,3,90,1,3,10,5
30,5,90,1,2,10,5
30,10,90,0,2,10,4
30,20,90,0,1,10,5
30,30,90,0,3,10,3
50,1,90,3,3,9,7
50,2,90,1,3,10,5
50,3,90,1,5,10,7
50,5,90,0,2,10,5
50,10,90,0,3,10,7
50,20,90,0,5,10,10
50,30,90,0,3,10,9
100,1,90,1,3,10,9
100,2,90,0,3,10,10
100,3,90,0,3,10,10
100,5,90,0,4,10,9
100,10,90,0,1,10,10
100,20,90,0,3,10,9
100,30,90,0,4,10,8
10,1,91,2,2,4,2
10,2,91,3,2,7,5
10,3,91,2,3,5,3
10,5,91,3,1,7,1
10,10,91,2,0,10,0
10,20,91,0,1,10,1
10,30,91,0,0,10,1
20,1,91,1,1,4,2
20,2,91,3,2,8,4
20,3,91,3,2,9,3
20,5,91,2,1,10,2
20,10,91,0,3,10,2
20,20,91,0,0,10,3
20,30,91,0,1,10,4
30,1,91,3,2,7,6
30,2,91,2,2,10,4
30,3,91,2,2,10,5
30,5,91,2,3,10,5
30,10,91,0,3,10,6
30,20,91,0,3,10,4
30,30,91,0,3,10,5
50,1,91,4,3,8,5
50,2,91,2,3,10,8
50,3,91,2,3,10,8
50,5,91,0,3,10,6
50,10,91,0,4,10,7
50,20,91,0,4,10,9
50,30,91,0,2,10,7
100,1,91,2,3,10,9
100,2,91,0,4,10,9
100,3,91,0,1,10,10
100,5,91,0,3,10,9
100,10,91,0,1,10,10
100,20,91,0,3,10,10
100,30,91,0,3,10,10
10,1,92,2,2,5,3
10,2,92,3,1,2,0
10,3,92,2,3,6,3
10,5,92,3,2,9,0
10,10,92,3,1,10,3
10,20,92,0,1,10,1
10,30,92,0,4,10,2
20,1,92,2,2,5,4
20,2,92,4,1,10,2
20,3,92,3,2,9,4
20,5,92,3,2,10,2
20,10,92,0,3,10,3
20,20,92,0,3,10,4
20,30,92,0,1,10,2
30,1,92,4,4,8,6
30,2,92,3,2,9,3
30,3,92,2,2,10,3
30,5,92,1,2,10,5
30,10,92,0,3,10,6
30,20,92,0,2,10,4
30,30,92,0,1,10,4
50,1,92,4,3,9,4
50,2,92,1,3,10,8
50,3,92,1,4,10,7
50,5,92,0,4,10,8
50,10,92,0,4,10,10
50,20,92,0,3,10,8
50,30,92,0,4,10,10
100,1,92,1,2,10,10
100,2,92,0,2,10,10
100,3,92,0,2,10,10
100,5,92,0,3,10,8
100,10,92,0,2,10,9
100,20,92,0,2,10,10
100,30,92,0,3,10,10
10,1,93,3,2,2,1
10,2,93,2,3,4,2
10,3,93,4,4,6,1
10,5,93,4,3,8,2
10,10,93,3,2,10,2
10,20,93,0,2,10,3
10,30,93,0,2,10,0
20,1,93,2,2,5,4
20,2,93,4,2,7,3
20,3,93,1,3,10,5
20,5,93,2,1,10,3
20,10,93,0,0,10,3
20,20,93,0,3,10,3
20,30,93,0,2,10,5
30,1,93,2,2,6,3
30,2,93,3,2,10,5
30,3,93,2,4,10,5
30,5,93,1,2,10,6
30,10,93,0,1,10,4
30,20,93,0,3,10,5
30,30,93,0,1,10,2
50,1,93,2,2,10,6
50,2,93,1,4,10,6
50,3,93,0,3,10,9
50,5,93,0,2,10,10
50,10,93,0,3,10,9
50,20,93,0,4,10,7
50,30,93,0,4,10,5
100,1,93,1,2,10,9
100,2,93,0,2,10,10
100,3,93,0,3,10,10
100,5,93,0,3,10,10
100,10,93,0,3,10,10
100,20,93,0,2,10,10
100,30,93,0,4,10,10
10,1,94,2,2,3,3
10,2,94,3,3,6,2
10,3,94,4,3,9,3
10,5,94,3,1,8,1
10,10,94,2,3,10,2
10,20,94,1,2,10,0
10,30,94,0,3,10,2
20,1,94,4,1,8,4
20,2,94,3,3,9,5
20,3,94,3,3,9,3
20,5,94,4,1,9,3
20,10,94,1,2,10,3
20,20,94,0,1,10,3
20,30,94,0,2,10,4
30,1,94,3,3,9,5
30,2,94,3,2,9,6
30,3,94,2,3,10,5
30,5,94,1,3,10,4
30,10,94,0,3,10,4
30,20,94,0,3,10,5
30,30,94,0,2,10,5
50,1,94,2,3,10,6
50,2,94,1,2,10,9
50,3,94,0,4,10,8
50,5,94,0,3,10,8
50,10,94,0,4,10,8
50,20,94,0,2,10,7
50,30,94,0,3,10,8
100,1,94,0,2,10,9
100,2,94,0,4,10,10
100,3,94,0,3,10,8
100,5,94,0,3,10,10
100,10,94,0,3,10,9
100,20,94,0,2,10,10
100,30,94,0,2,10,10
10,1,95,1,2,0,2
10,2,95,2,2,4,0
10,3,95,3,1,7,0
10,5,95,4,2,9,1
10,10,95,2,0,8,1
10,20,95,1,1,10,2
10,30,95,0,4,10,2
20,1,95,3,0,8,3
20,2,95,4,2,8,2
20,3,95,3,1,9,2
20,5,95,2,3,10,5
20,10,95,1,3,10,4
20,20,95,0,1,10,2
20,30,95,0,1,10,1
30,1,95,3,2,7,6
30,2,95,3,2,8,4
30,3,95,1,2,10,4
30,5,95,2,1,10,3
30,10,95,0,2,10,3
30,20,95,0,2,10,3
30,30,95,0,2,10,3
50,1,95,2,3,10,6
50,2,95,1,4,10,8
50,3,95,1,4,10,7
50,5,95,0,5,10,8
50,10,95,0,4,10,9
50,20,95,0,2,10,3
50,30,95,0,4,10,9
100,1,95,0,3,10,9
100,2,95,0,2,10,10
100,3,95,0,1,10,10
100,5,95,0,4,10,10
100,10,95,0,2,10,9
100,20,95,0,2,10,10
100,30,95,0,2,10,9
10,1,96,3,3,4,0
10,2,96,2,2,4,1
10,3,96,3,1,6,0
10,5,96,3,1,7,1
10,10,96,3,5,10,3
10,20,96,0,3,10,4
10,30,96,0,0,10,3
20,1,96,4,4,7,4
20,2,96,3,2,10,3
20,3,96,4,2,9,3
20,5,96,2,3,10,2
20,10,96,0,2,10,2
20,20,96,0,2,10,3
20,30,96,0,1,10,3
30,1,96,3,2,9,6
30,2,96,3,3,10,7
30,3,96,3,3,10,5
30,5,96,0,2,10,3
30,10,96,0,2,10,3
30,20,96,0,2,10,5
30,30,96,0,2,10,2
50,1,96,2,4,9,7
50,2,96,1,2,10,6
50,3,96,1,2,10,7
50,5,96,0,5,10,7
50,10,96,0,3,10,8
50,20,96,0,2,10,7
50,30,96,0,2,10,7
100,1,96,1,3,10,10
100,2,96,0,2,10,10
100,3,96,0,1,10,10
100,5,96,0,4,10,10
100,10,96,0,3,10,10
100,20,96,0,4,10,9
100,30,96,0,3,10,9
10,1,97,3,4,4,3
10,2,97,3,3,6,3
10,3,97,4,2,6,2
10,5,97,4,1,8,4
10,10,97,1,2,10,2
10,20,97,0,4,10,0
10,30,97,0,2,10,3
20,1,97,2,2,6,3
20,2,97,4,2,9,4
20,3,97,3,3,10,3
20,5,97,1,2,10,3
20,10,97,1,3,10,6
20,20,97,0,3,10,4
20,30,97,0,1,10,2
30,1,97,4,2,8,7
30,2,97,2,3,10,8
30,3,97,3,1,10,4
30,5,97,0,3,10,6
30,10,97,0,2,10,1
30,20,97,0,3,10,6
30,30,97,0,2,10,6
50,1,97,3,2,10,6
50,2,97,0,3,10,10
50,3,97,2,3,10,6
50,5,97,0,4,10,8
50,10,97,0,3,10,8
50,20,97,0,3,10,7
50,30,97,0,3,10,10
100,1,97,0,2,10,10
100,2,97,0,4,10,10
100,3,97,0,2,10,10
100,5,97,0,3,10,9
100,10,97,0,1,10,9
100,20,97,0,3,10,10
100,30,97,0,2,10,10
10,1,98,1,3,5,4
10,2,98,2,3,5,1
10,3,98,4,4,5,3
10,5,98,5,4,8,2
10,10,98,3,4,9,2
10,20,98,1,3,10,2
10,30,98,0,1,10,1
20,1,98,1,1,7,3
20,2,98,3,2,7,3
20,3,98,3,1,10,2
20,5,98,2,2,9,2
20,10,98,0,1,10,2
20,20,98,0,1,10,2
20,30,98,0,3,10,2
30,1,98,3,2,6,4
30,2,98,3,1,9,1
30,3,98,2,3,9,3
30,5,98,1,5,10,5
30,10,98,0,2,10,6
30,20,98,0,4,10,4
30,30,98,0,2,10,4
50,1,98,4,3,9,6
50,2,98,1,3,10,8
50,3,98,0,4,10,8
50,5,98,0,2,10,6
50,10,98,0,4,10,6
50,20,98,0,4,10,7
50,30,98,0,4,10,8
100,1,98,1,3,10,9
100,2,98,0,3,10,10
100,3,98,0,1,10,10
100,5,98,0,3,10,10
100,10,98,0,2,10,9
100,20,98,0,3,10,10
100,30,98,0,2,10,10
10,1,99,2,1,3,2
10,2,99,3,2,4,1
10,3,99,2,2,6,1
10,5,99,3,2,8,0
10,10,99,1,2,10,3
10,20,99,0,2,10,1
10,30,99,0,2,10,2
20,1,99,3,3,5,5
20,2,99,3,0,7,3
20,3,99,2,3,10,3
20,5,99,3,1,9,3
20,10,99,1,2,10,3
20,20,99,0,2,10,4
20,30,99,0,1,10,2
30,1,99,2,3,10,1
30,2,99,3,5,10,5
30,3,99,4,2,9,5
30,5,99,0,3,10,6
30,10,99,0,1,10,4
30,20,99,0,4,10,5
30,30,99,0,2,10,2
50,1,99,3,3,10,6
50,2,99,2,3,10,8
50,3,99,1,3,10,4
50,5,99,0,3,10,7
50,10,99,0,1,10,7
50,20,99,0,3,10,7
50,30,99,0,3,10,8
100,1,99,0,2,10,10
100,2,99,1,3,10,10
100,3,99,0,3,10,10
100,5,99,0,2,10,10
100,10,99,0,2,10,10
100,20,99,0,3,10,8
100,30,99,0,2,10,10
10,1,100,1,3,4,3
10,2,100,3,2,4,2
10,3,100,3,1,6,1
10,5,100,4,1,7,1
10,10,100,2,2,9,0
10,20,100,0,3,10,2
10,30,100,0,3,10,3
20,1,100,2,2,8,3
20,2,100,3,1,7,2
20,3,100,4,0,8,0
20,5,100,3,0,9,3
20,10,100,1,0,10,2
20,20,100,0,2,10,3
20,30,100,0,2,10,1
30,1,100,4,2,5,3
30,2,100,2,4,10,6
30,3,100,1,1,10,5
30,5,100,1,1,10,4
30,10,100,0,2,10,4
30,20,100,0,3,10,7
30,30,100,0,2,10,2
50,1,100,1,5,10,7
50,2,100,1,3,10,8
50,3,100,2,2,10,6
50,5,100,0,3,10,10
50,10,100,0,4,10,8
50,20,100,0,4,10,7
50,30,100,0,3,10,9
100,1,100,0,2,10,9
100,2,100,1,4,10,9
100,3,100,0,2,10,10
100,5,100,0,3,10,10
100,10,100,0,2,10,9
100,20,100,0,3,10,10
100,30,100,0,2,10,9
